Orientation,WWR,Angle,Shading Type,sDA,BlindClosed,Heating Penalty,Cooling Benefit,Total Energy
E,25,5,Eggcrate,0.27498,0.347945,-0.6014756944444445,0.030562789351852256,-0.555150705166532
E,25,10,Eggcrate,0.3,0.316438,-0.5831597222222222,-0.022063078703703373,-0.5885133471670245
E,25,15,Eggcrate,0.28752,0.295616,-0.56484375,-0.074688946759259,-0.621875989167517
E,25,20,Eggcrate,0.30834,0.261918,-0.5518229166666667,-0.11144567418981466,-0.6449565645552707
E,25,25,Eggcrate,0.29166,0.230411,-0.5388020833333333,-0.1482024016203703,-0.6680371399430245
E,25,30,Eggcrate,0.29166,0.200548,-0.5257812500000001,-0.18495912905092596,-0.6911177153307783
E,25,35,Eggcrate,0.27498,0.169041,-0.5153645833333333,-0.21130220389660506,-0.7066044150576216
E,25,40,Eggcrate,0.2625,0.141918,-0.5049479166666667,-0.23764527874228414,-0.722091114784465
E,25,45,Eggcrate,0.22914,0.126301,-0.49453125000000003,-0.26398835358796324,-0.7375778145113083
E,25,5,Horizontal,0.28332,0.347945,-0.609201388888889,0.04515094521604963,-0.5484777078277592
E,25,10,Horizontal,0.32082,0.316438,-0.5986111111111111,0.0071132330246913705,-0.5751673524894787
E,25,15,Horizontal,0.3375,0.295616,-0.5880208333333333,-0.030924479166666873,-0.6018569971511983
E,25,20,Horizontal,0.34584,0.268219,-0.5776909722222222,-0.0629189573688271,-0.6229234809317817
E,25,25,Horizontal,0.375,0.230411,-0.5673611111111111,-0.09491343557098736,-0.643989964712365
E,25,30,Horizontal,0.38748,0.210959,-0.55703125,-0.1269079137731476,-0.6650564484929484
E,25,35,Horizontal,0.39168,0.181644,-0.5467881944444444,-0.15359760802469116,-0.6810490158149572
E,25,40,Horizontal,0.43332,0.150137,-0.5365451388888889,-0.1802873022762347,-0.6970415831369661
E,25,45,Horizontal,0.42498,0.126301,-0.5263020833333333,-0.20697699652777826,-0.7130341504589749
E,25,0,No Shade,0.27084,0.372329,-0.6197916666666667,0.08318865740740788,-0.5217880631660395
E,25,5,Vertical,0.25836,0.372329,-0.6104166666666667,0.0639286747685189,-0.5314001336475225
E,25,10,Vertical,0.24582,0.372329,-0.6010416666666667,0.04466869212962993,-0.5410122041290053
E,25,15,Vertical,0.24168,0.372329,-0.5916666666666667,0.02540870949074095,-0.5506242746104882
E,25,20,Vertical,0.24582,0.366027,-0.5853298611111112,0.012704354745370313,-0.5568160236345099
E,25,25,Vertical,0.24582,0.360274,-0.5789930555555556,-3.226585665316861e-16,-0.5630077726585315
E,25,30,Vertical,0.22086,0.360274,-0.5726562500000001,-0.012704354745370959,-0.5691995216825532
E,25,35,Vertical,0.225,0.360274,-0.5678819444444445,-0.0213849103009262,-0.572997924946366
E,25,40,Vertical,0.22086,0.350411,-0.5631076388888889,-0.03006546585648144,-0.5767963282101789
E,25,45,Vertical,0.225,0.350411,-0.5583333333333333,-0.03874602141203668,-0.5805947314739918
E,30,5,Eggcrate,0.32916,0.354247,-0.5602430555555556,0.09060329861111102,-0.4566735835121168
E,30,10,Eggcrate,0.34584,0.330137,-0.5389756944444445,0.028935185185184897,-0.4959589209721107
E,30,15,Eggcrate,0.35832,0.303836,-0.5177083333333334,-0.032732928240741234,-0.5352442584321047
E,30,20,Eggcrate,0.37086,0.274521,-0.5023437500000001,-0.07604528356481524,-0.5624204269686642
E,30,25,Eggcrate,0.375,0.23863,-0.4869791666666667,-0.11935763888888923,-0.5895965955052238
E,30,30,Eggcrate,0.36252,0.217534,-0.47161458333333334,-0.16266999421296324,-0.6167727640417834
E,30,35,Eggcrate,0.35832,0.18274,-0.4592013888888889,-0.19415207851080252,-0.6353151854066292
E,30,40,Eggcrate,0.35418,0.147945,-0.4467881944444445,-0.2256341628086418,-0.653857606771475
E,30,45,Eggcrate,0.32916,0.123014,-0.43437500000000007,-0.25711624710648107,-0.6724000281363208
E,30,5,Horizontal,0.34998,0.354247,-0.5692708333333334,0.10721088927469133,-0.44930303989495823
E,30,10,Horizontal,0.39168,0.330137,-0.5570312500000001,0.06215036651234551,-0.48121783373779364
E,30,15,Horizontal,0.40836,0.303836,-0.5447916666666668,0.017089843749999684,-0.513132627580629
E,30,20,Horizontal,0.44166,0.28274,-0.5327256944444445,-0.02067660108024712,-0.5381235418938096
E,30,25,Horizontal,0.45414,0.244658,-0.5206597222222223,-0.05844304591049393,-0.5631144562069903
E,30,30,Horizontal,0.46668,0.217534,-0.5085937500000001,-0.09620949074074074,-0.5881053705201709
E,30,35,Horizontal,0.49584,0.192329,-0.49652777777777785,-0.1278121383101851,-0.6071026623993253
E,30,40,Horizontal,0.50418,0.162466,-0.4844618055555556,-0.15941478587962946,-0.6260999542784798
E,30,45,Horizontal,0.54168,0.130137,-0.4723958333333334,-0.19101743344907382,-0.6450972461576342
E,30,0,No Shade,0.31248,0.388767,-0.5815104166666667,0.15227141203703715,-0.4173882460521228
E,30,5,Vertical,0.30414,0.388767,-0.5706597222222223,0.13038917824074045,-0.42811521823233634
E,30,10,Vertical,0.29166,0.388767,-0.5598090277777777,0.10850694444444375,-0.4388421904125499
E,30,15,Vertical,0.28332,0.388767,-0.5489583333333333,0.08662471064814706,-0.4495691625927634
E,30,20,Vertical,0.27918,0.384932,-0.5416666666666666,0.07217218846450556,-0.4565323157364106
E,30,25,Vertical,0.2625,0.384932,-0.534375,0.057719666280864064,-0.46349546888005777
E,30,30,Vertical,0.2625,0.379452,-0.5270833333333333,0.04326714409722257,-0.470458622023705
E,30,35,Vertical,0.27084,0.369863,-0.5214409722222223,0.032476731288580585,-0.4754645423744711
E,30,40,Vertical,0.27498,0.367671,-0.5157986111111111,0.021686318479938592,-0.4804704627252373
E,30,45,Vertical,0.27084,0.364658,-0.5101562500000001,0.010895905671296604,-0.48547638307600344
E,35,5,Eggcrate,0.37086,0.367123,-0.5073784722222223,0.14517324942129622,-0.3522051841170476
E,35,10,Eggcrate,0.40002,0.345205,-0.4819444444444445,0.07369429976851863,-0.39697886258924525
E,35,15,Eggcrate,0.42498,0.311507,-0.45651041666666675,0.002215350115741042,-0.4417525410614429
E,35,20,Eggcrate,0.43332,0.283836,-0.4380208333333334,-0.047577281057098596,-0.4721913504261484
E,35,25,Eggcrate,0.44166,0.244932,-0.4195312500000001,-0.09736991222993822,-0.5026301597908539
E,35,30,Eggcrate,0.43752,0.221644,-0.40104166666666674,-0.14716254340277787,-0.5330689691555593
E,35,35,Eggcrate,0.42498,0.184658,-0.38619791666666675,-0.18322603202160495,-0.5537028570088752
E,35,40,Eggcrate,0.43752,0.152603,-0.37135416666666676,-0.219289520640432,-0.5743367448621912
E,35,45,Eggcrate,0.40416,0.126849,-0.3565104166666668,-0.2553530092592591,-0.5949706327155071
E,35,5,Horizontal,0.38334,0.367123,-0.5183159722222223,0.16455379533178996,-0.34399524027245393
E,35,10,Horizontal,0.40836,0.345205,-0.5038194444444445,0.11245539158950611,-0.38055897490005797
E,35,15,Horizontal,0.47082,0.311507,-0.48932291666666666,0.06035698784722226,-0.41712270952766195
E,35,20,Horizontal,0.49164,0.290411,-0.47500000000000003,0.017014491705246985,-0.44534109426839746
E,35,25,Horizontal,0.53334,0.252877,-0.46067708333333335,-0.026328004436728288,-0.47355947900913303
E,35,30,Horizontal,0.54998,0.223288,-0.4463541666666667,-0.06967050057870355,-0.5017778637498685
E,35,35,Horizontal,0.55836,0.203014,-0.4321180555555556,-0.10568877797067888,-0.5229586513323724
E,35,40,Horizontal,0.55832,0.167123,-0.41788194444444443,-0.1417070553626542,-0.5441394389148764
E,35,45,Horizontal,0.60834,0.132329,-0.4036458333333333,-0.1777253327546295,-0.5653202264973802
E,35,0,No Shade,0.35418,0.395616,-0.5328125,0.21665219907407382,-0.30743150564484995
E,35,5,Vertical,0.35418,0.395616,-0.5198784722222223,0.19098729263117253,-0.31981090047949046
E,35,10,Vertical,0.3375,0.395616,-0.5069444444444444,0.16532238618827128,-0.33219029531413097
E,35,15,Vertical,0.31248,0.395616,-0.4940104166666667,0.13965747974537,-0.3445696901487715
E,35,20,Vertical,0.32082,0.393425,-0.48515625,0.12295946662808618,-0.3521969776902431
E,35,25,Vertical,0.30834,0.387945,-0.47630208333333335,0.10626145351080239,-0.3598242652317148
E,35,30,Vertical,0.32502,0.381096,-0.4674479166666667,0.0895634403935186,-0.3674515527731864
E,35,35,Vertical,0.31248,0.375068,-0.4604166666666667,0.07667824074074098,-0.3731438821088174
E,35,40,Vertical,0.32082,0.370685,-0.4533854166666667,0.06379304108796335,-0.3788362114444484
E,35,45,Vertical,0.31668,0.368219,-0.4463541666666667,0.050907841435185716,-0.38452854078007936
E,40,5,Eggcrate,0.41664,0.372329,-0.4506944444444444,0.1974524980709877,-0.24625024912367105
E,40,10,Eggcrate,0.44166,0.349041,-0.42065972222222225,0.11436933352623443,-0.29783408949694645
E,40,15,Eggcrate,0.47916,0.316438,-0.39062500000000006,0.03128616898148117,-0.3494179298702219
E,40,20,Eggcrate,0.4875,0.283836,-0.36892361111111116,-0.025288146219136186,-0.38332805777324547
E,40,25,Eggcrate,0.525,0.249589,-0.3472222222222222,-0.08186246141975353,-0.4172381856762691
E,40,30,Eggcrate,0.4875,0.226027,-0.3255208333333333,-0.1384367766203709,-0.45114831357929264
E,40,35,Eggcrate,0.4875,0.199178,-0.3079861111111111,-0.17846378279321018,-0.47301961336006365
E,40,40,Eggcrate,0.47916,0.156164,-0.2904513888888889,-0.21849078896604945,-0.4948909131408346
E,40,45,Eggcrate,0.46668,0.136712,-0.2729166666666667,-0.25851779513888873,-0.5167622129216056
E,40,5,Horizontal,0.42918,0.372329,-0.46388888888888885,0.22139937789351846,-0.23579467520135086
E,40,10,Horizontal,0.46248,0.349041,-0.44704861111111116,0.16226309317129595,-0.27692294165230613
E,40,15,Horizontal,0.52914,0.316438,-0.4302083333333334,0.10312680844907339,-0.3180512081032614
E,40,20,Horizontal,0.55002,0.294247,-0.41362847222222227,0.054298683449073466,-0.3494091372700745
E,40,25,Horizontal,0.60834,0.263836,-0.39704861111111117,0.005470558449073543,-0.3807670664368876
E,40,30,Horizontal,0.6167,0.226027,-0.38046875,-0.04335756655092639,-0.41212499560370075
E,40,35,Horizontal,0.62502,0.209589,-0.36406250000000007,-0.0835654176311733,-0.4352694638858612
E,40,40,Horizontal,0.64584,0.172603,-0.34765625000000006,-0.1237732687114202,-0.4584139321680217
E,40,45,Horizontal,0.66248,0.140548,-0.3312500000000001,-0.1639811197916671,-0.4815584004501821
E,40,0,No Shade,0.39582,0.402466,-0.4807291666666666,0.280535662615741,-0.19466640875039562
E,40,5,Vertical,0.375,0.402466,-0.46527777777777773,0.24870695891203726,-0.21059156613793834
E,40,10,Vertical,0.37086,0.402466,-0.44982638888888893,0.21687825520833354,-0.22651672352548108
E,40,15,Vertical,0.37086,0.402466,-0.43437500000000007,0.1850495515046298,-0.2424418809130238
E,40,20,Vertical,0.37086,0.400822,-0.42361111111111116,0.1646442177854938,-0.25181713736386163
E,40,25,Vertical,0.34998,0.394247,-0.4128472222222223,0.14423888406635776,-0.2611923938146995
E,40,30,Vertical,0.35832,0.382466,-0.4020833333333334,0.12383355034722177,-0.2705676502655373
E,40,35,Vertical,0.37086,0.380822,-0.3933159722222223,0.10800962094907388,-0.2774293954208144
E,40,40,Vertical,0.37086,0.376164,-0.3845486111111112,0.092185691550926,-0.2842911405760915
E,40,45,Vertical,0.36252,0.366849,-0.3757812500000001,0.07636176215277811,-0.2911528857313686
E,45,5,Eggcrate,0.45834,0.37863,-0.39813368055555554,0.2670928578317903,-0.12742294751403893
E,45,10,Eggcrate,0.50418,0.351507,-0.36866319444444445,0.1898118007330249,-0.173913527708414
E,45,15,Eggcrate,0.53748,0.320274,-0.33919270833333337,0.11253074363425947,-0.22040410790278914
E,45,20,Eggcrate,0.54168,0.290685,-0.30972222222222223,0.03524968653549404,-0.2668946880971642
E,45,25,Eggcrate,0.54998,0.262466,-0.2802517361111111,-0.042031370563271386,-0.3133852682915393
E,45,30,Eggcrate,0.54582,0.230411,-0.25078125,-0.11931242766203684,-0.3598758484859144
E,45,35,Eggcrate,0.53748,0.210959,-0.27569444444444446,-0.05661952642746877,-0.32313919272207176
E,45,40,Eggcrate,0.52914,0.15726,-0.30060763888888886,0.0060733748070992966,-0.2864025369582291
E,45,45,Eggcrate,0.4875,0.137808,-0.3255208333333333,0.06876627604166735,-0.2496658811943864
E,45,5,Horizontal,0.46668,0.37863,-0.40842013888888895,0.278290171682099,-0.12653723959249233
E,45,10,Horizontal,0.52086,0.351507,-0.3892361111111112,0.21220642843364224,-0.17214211186532086
E,45,15,Horizontal,0.57084,0.322192,-0.3700520833333335,0.14612268518518548,-0.21774698413814939
E,45,20,Horizontal,0.61248,0.298904,-0.3514756944444446,0.09197470582561741,-0.25233648694591987
E,45,25,Horizontal,0.64584,0.274795,-0.33289930555555564,0.03782672646604934,-0.2869259897536903
E,45,30,Horizontal,0.68752,0.230411,-0.31432291666666673,-0.01632125289351871,-0.32151549256146084
E,45,35,Horizontal,0.68332,0.210959,-0.29557291666666674,-0.06050769193672863,-0.3462496629503283
E,45,40,Horizontal,0.69584,0.175342,-0.2768229166666667,-0.10469413097993854,-0.37098383333919577
E,45,45,Horizontal,0.71248,0.14411,-0.2580729166666667,-0.14888057002314845,-0.3957180037280632
E,45,0,No Shade,0.4125,0.416438,-0.4276041666666667,0.34437391493055575,-0.08093236731966381
E,45,5,Vertical,0.39582,0.416438,-0.4127604166666667,0.3159435884452161,-0.09414383521494993
E,45,10,Vertical,0.39582,0.412603,-0.3979166666666667,0.2875132619598765,-0.10735530311023603
E,45,15,Vertical,0.39168,0.410959,-0.38307291666666665,0.25908293547453687,-0.12056677100552213
E,45,20,Vertical,0.39582,0.404384,-0.36822916666666666,0.2306526089891972,-0.13377823890080826
E,45,25,Vertical,0.39582,0.394247,-0.3533854166666667,0.20222228250385757,-0.14698970679609435
E,45,30,Vertical,0.40002,0.393425,-0.3385416666666667,0.17379195601851793,-0.16020117469138045
E,45,35,Vertical,0.37914,0.392055,-0.35078125,0.19627700617283908,-0.15023857255067527
E,45,40,Vertical,0.39168,0.379726,-0.36302083333333335,0.21876205632716025,-0.14027597040997006
E,45,45,Vertical,0.40416,0.368493,-0.37526041666666665,0.2412471064814814,-0.13031336826926487
E,50,5,Eggcrate,0.49998,0.384384,-0.33645833333333347,0.3091995804398151,-0.026506172405303674
E,50,10,Eggcrate,0.53334,0.352055,-0.2986979166666668,0.2095088252314815,-0.0867266908170087
E,50,15,Eggcrate,0.5625,0.327945,-0.26093750000000016,0.10981807002314793,-0.14694720922871374
E,50,20,Eggcrate,0.57918,0.295616,-0.23307291666666677,0.04112714602623456,-0.18664638506899295
E,50,25,Eggcrate,0.59164,0.264658,-0.20520833333333338,-0.027563777970678813,-0.22634556090927216
E,50,30,Eggcrate,0.6,0.233973,-0.17734374999999997,-0.09625470196759217,-0.26604473674955137
E,50,35,Eggcrate,0.5708,0.203014,-0.15477430555555555,-0.14562536168981433,-0.29210600358738065
E,50,40,Eggcrate,0.59164,0.163288,-0.13220486111111113,-0.19499602141203648,-0.31816727042521
E,50,45,Eggcrate,0.55416,0.139178,-0.10963541666666674,-0.24436668113425863,-0.34422853726303926
E,50,5,Horizontal,0.50832,0.384384,-0.35286458333333337,0.33576871141975356,-0.01662387601261415
E,50,10,Horizontal,0.5708,0.352055,-0.3315104166666667,0.26264708719135843,-0.06696209803162965
E,50,15,Horizontal,0.59998,0.327945,-0.31015624999999997,0.18952546296296327,-0.11730032005064517
E,50,20,Horizontal,0.63752,0.303836,-0.2893229166666666,0.13011791087962993,-0.1548095522808003
E,50,25,Horizontal,0.68332,0.280822,-0.2684895833333332,0.07071035879629661,-0.19231878451095538
E,50,30,Horizontal,0.72084,0.233973,-0.24765624999999988,0.011302806712963284,-0.22982801674111047
E,50,35,Horizontal,0.72916,0.213425,-0.22682291666666654,-0.03674165702160455,-0.2562878814523028
E,50,40,Horizontal,0.74168,0.179452,-0.2059895833333332,-0.08478612075617238,-0.2827477461634952
E,50,45,Horizontal,0.76248,0.145479,-0.18515624999999986,-0.1328305844907402,-0.3092076108746875
E,50,0,No Shade,0.44166,0.419452,-0.3742187500000001,0.4088903356481487,0.03371434600640136
E,50,5,Vertical,0.4125,0.419452,-0.3551215277777779,0.3734447337962969,0.017817324939331455
E,50,10,Vertical,0.44166,0.411507,-0.3360243055555556,0.33799913194444503,0.0019203038722615529
E,50,15,Vertical,0.42498,0.409863,-0.3169270833333334,0.3025535300925932,-0.013976717194808353
E,50,20,Vertical,0.43332,0.401644,-0.3032986111111112,0.27821481963734596,-0.02439125898310638
E,50,25,Vertical,0.44166,0.39726,-0.2896701388888891,0.2538761091820987,-0.034805800771404403
E,50,30,Vertical,0.43332,0.393425,-0.2760416666666669,0.22953739872685144,-0.04522034255970243
E,50,35,Vertical,0.43752,0.387397,-0.2644965277777779,0.20981023341049357,-0.053176473346698505
E,50,40,Vertical,0.44166,0.377808,-0.25295138888888885,0.1900830680941357,-0.061132604133694576
E,50,45,Vertical,0.43752,0.374521,-0.24140624999999985,0.17035590277777782,-0.06908873492069065
E,55,5,Eggcrate,0.525,0.38,-0.2796006944444444,0.36306122202932056,0.08115628553675856
E,55,10,Eggcrate,0.54168,0.351507,-0.23758680555555553,0.2518566743827158,0.013875895379781428
E,55,15,Eggcrate,0.60834,0.318082,-0.19557291666666665,0.140652126736111,-0.05340449477719569
E,55,20,Eggcrate,0.62918,0.280548,-0.16440972222222217,0.06572205343364182,-0.09596302418551236
E,55,25,Eggcrate,0.63752,0.249589,-0.1332465277777777,-0.009208019868827355,-0.13852155359382903
E,55,30,Eggcrate,0.63752,0.21863,-0.10208333333333322,-0.08413809317129649,-0.18108008300214573
E,55,35,Eggcrate,0.61248,0.196164,-0.07630208333333327,-0.1373517071759261,-0.20775507333028562
E,55,40,Eggcrate,0.6125,0.152603,-0.05052083333333331,-0.19056532118055572,-0.23443006365842547
E,55,45,Eggcrate,0.5833,0.130137,-0.024739583333333356,-0.24377893518518534,-0.26110505398656536
E,55,5,Horizontal,0.54168,0.38,-0.29817708333333337,0.39406105324074014,0.09323673196637652
E,55,10,Horizontal,0.60002,0.351507,-0.27473958333333337,0.3138563368055549,0.038036788239017336
E,55,15,Horizontal,0.64168,0.322192,-0.2513020833333334,0.23365162037036966,-0.017163155488341856
E,55,20,Horizontal,0.69584,0.295616,-0.22838541666666673,0.16907491801697488,-0.057673009062240474
E,55,25,Horizontal,0.74168,0.263836,-0.20546875,0.10449821566358009,-0.0981828626361391
E,55,30,Horizontal,0.76248,0.226027,-0.1825520833333333,0.03992151331018531,-0.13869271621003773
E,55,35,Horizontal,0.76668,0.204384,-0.1596354166666667,-0.01184534143518489,-0.16674638624133928
E,55,40,Horizontal,0.79168,0.167123,-0.1367187500000001,-0.06361219618055508,-0.19480005627264083
E,55,45,Horizontal,0.78332,0.132329,-0.11380208333333351,-0.11537905092592526,-0.22285372630394237
E,55,0,No Shade,0.45414,0.419452,-0.3216145833333333,0.4742657696759254,0.1484366756937357
E,55,5,Vertical,0.44166,0.419452,-0.30026041666666664,0.43295777874228386,0.12903375186110033
E,55,10,Vertical,0.43332,0.415616,-0.27890624999999997,0.3916497878086423,0.10963082802846495
E,55,15,Vertical,0.44166,0.410685,-0.2575520833333333,0.3503417968750008,0.09022790419582959
E,55,20,Vertical,0.45414,0.39726,-0.24201388888888886,0.3227177372685191,0.07847571483839261
E,55,25,Vertical,0.44166,0.39726,-0.22647569444444446,0.2950936776620374,0.06672352548095561
E,55,30,Vertical,0.45,0.39726,-0.21093750000000003,0.26746961805555575,0.05497133612351863
E,55,35,Vertical,0.45414,0.389041,-0.1975694444444445,0.24436668113425933,0.04550522280448775
E,55,40,Vertical,0.45414,0.374521,-0.18420138888888898,0.22126374421296288,0.03603910948545687
E,55,45,Vertical,0.47916,0.361918,-0.17083333333333345,0.19816080729166646,0.026572996166425996
E,60,5,Eggcrate,0.54582,0.37863,-0.22760416666666672,0.4205096209490741,0.18757957303133696
E,60,10,Eggcrate,0.575,0.349041,-0.18151041666666676,0.2971733940972222,0.11246966552949034
E,60,15,Eggcrate,0.63338,0.313425,-0.1354166666666668,0.1738371672453703,0.03735975802764371
E,60,20,Eggcrate,0.62916,0.28,-0.10043402777777785,0.09250217013888884,-0.007712868849576358
E,60,25,Eggcrate,0.675,0.240274,-0.0654513888888889,0.011167173032407385,-0.05278549572679642
E,60,30,Eggcrate,0.66248,0.209863,-0.030468749999999968,-0.07016782407407406,-0.0978581226040165
E,60,35,Eggcrate,0.65416,0.17863,-0.0013020833333333842,-0.12704354745370383,-0.12480216649667669
E,60,40,Eggcrate,0.65,0.141918,0.0278645833333332,-0.1839192708333336,-0.1517462103893369
E,60,45,Eggcrate,0.6167,0.113973,0.05703124999999979,-0.24079499421296333,-0.1786902542819971
E,60,5,Horizontal,0.55002,0.37863,-0.2481770833333334,0.4561209972993831,0.2022028394236748
E,60,10,Horizontal,0.61668,0.349041,-0.2226562500000001,0.36839614679784016,0.14171619831416604
E,60,15,Horizontal,0.69168,0.313425,-0.19713541666666679,0.28067129629629717,0.08122955720465729
E,60,20,Horizontal,0.70416,0.290411,-0.1721354166666667,0.21089530285493902,0.037689773619855524
E,60,25,Horizontal,0.76668,0.246301,-0.1471354166666666,0.14111930941358083,-0.005850009964946237
E,60,30,Horizontal,0.76248,0.217534,-0.12213541666666651,0.07134331597222268,-0.049389793549747985
E,60,35,Horizontal,0.79168,0.184932,-0.09687499999999988,0.015763647762346004,-0.07887196801838206
E,60,40,Horizontal,0.82084,0.150137,-0.07161458333333326,-0.03981602044753067,-0.10835414248701614
E,60,45,Horizontal,0.82916,0.113973,-0.04635416666666662,-0.09539568865740737,-0.1378363169556502
E,60,0,No Shade,0.47082,0.419452,-0.2736979166666667,0.543845847800926,0.2626894805331836
E,60,5,Vertical,0.45414,0.419452,-0.2501736111111112,0.4958616657021608,0.23890491096026958
E,60,10,Vertical,0.45414,0.417808,-0.22664930555555568,0.4478774836033955,0.21512034138735558
E,60,15,Vertical,0.44586,0.413425,-0.20312500000000017,0.39989330150463026,0.19133577181444159
E,60,20,Vertical,0.45834,0.403288,-0.18559027777777795,0.36789882330246965,0.1772752318315577
E,60,25,Vertical,0.45834,0.39726,-0.16805555555555574,0.3359043451003091,0.16321469184867382
E,60,30,Vertical,0.47502,0.38274,-0.15052083333333352,0.3039098668981485,0.14915415186578992
E,60,35,Vertical,0.47082,0.38274,-0.13506944444444455,0.2768735532407408,0.13788907255653643
E,60,40,Vertical,0.47916,0.372603,-0.11961805555555557,0.24983723958333315,0.12662399324728296
E,60,45,Vertical,0.48336,0.360274,-0.10416666666666662,0.22280092592592549,0.11535891393802947
E,65,5,Eggcrate,0.54582,0.375342,-0.19374999999999992,0.5023570119598763,0.30008675365479087
E,65,10,Eggcrate,0.59166,0.347945,-0.14453125,0.370988257137345,0.22020480896610697
E,65,15,Eggcrate,0.67084,0.306027,-0.09531250000000005,0.23961950231481371,0.14032286427742308
E,65,20,Eggcrate,0.69168,0.272603,-0.05763888888888894,0.151261694637345,0.09103799575610434
E,65,25,Eggcrate,0.68332,0.230411,-0.019965277777777832,0.06290388695987631,0.04175312723478561
E,65,30,Eggcrate,0.68332,0.210959,0.017708333333333263,-0.02545392071759238,-0.007531741286533122
E,65,35,Eggcrate,0.675,0.164384,0.049045138888888784,-0.08816189236111092,-0.03803678823901799
E,65,40,Eggcrate,0.675,0.132329,0.0803819444444443,-0.15086986400462948,-0.06854183519150285
E,65,45,Eggcrate,0.65,0.100548,0.11171874999999984,-0.213577835648148,-0.09904688214398771
E,65,5,Horizontal,0.56664,0.375342,-0.2157118055555555,0.5371093750000001,0.3125241796504067
E,65,10,Horizontal,0.62916,0.347945,-0.18845486111111118,0.44049298321759267,0.2450796609573386
E,65,15,Horizontal,0.71668,0.306027,-0.16119791666666683,0.3438765914351853,0.1776351422642705
E,65,20,Horizontal,0.74584,0.280822,-0.13411458333333345,0.26763539255401225,0.1298344646478856
E,65,25,Horizontal,0.81668,0.230411,-0.10703125000000005,0.19139419367283925,0.08203378703150067
E,65,30,Horizontal,0.82084,0.210959,-0.07994791666666667,0.11515299479166621,0.034233109415115766
E,65,35,Horizontal,0.83332,0.168767,-0.052517361111111154,0.05500699266975285,0.002420895907337413
E,65,40,Horizontal,0.85,0.132329,-0.025086805555555633,-0.005139009452160517,-0.02939131760044094
E,65,45,Horizontal,0.86668,0.100548,0.0023437499999998863,-0.06528501157407388,-0.061203531108219286
E,65,0,No Shade,0.46668,0.419452,-0.24296874999999984,0.6337257667824076,0.3799686983434748
E,65,5,Vertical,0.47082,0.419452,-0.21848958333333326,0.5867965133101855,0.3581384306967263
E,65,10,Vertical,0.45834,0.419452,-0.19401041666666669,0.5398672598379634,0.33630816304997774
E,65,15,Vertical,0.45414,0.419452,-0.1695312500000001,0.4929380063657413,0.31447789540322924
E,65,20,Vertical,0.43752,0.419452,-0.1507812500000001,0.459828317901235,0.3005146601953135
E,65,25,Vertical,0.42918,0.419452,-0.1320312500000001,0.42671862943672867,0.2865514249873977
E,65,30,Vertical,0.42084,0.419452,-0.1132812500000001,0.3936089409722224,0.27258818977948196
E,65,35,Vertical,0.41664,0.419452,-0.09652777777777785,0.36283516589506154,0.25895497016377683
E,65,40,Vertical,0.40002,0.419452,-0.07977430555555559,0.33206139081790065,0.24532175054807168
E,65,45,Vertical,0.39168,0.419452,-0.06302083333333333,0.3012876157407398,0.23168853093236652
N,25,5,Eggcrate,0.46668,0.033699,-0.5820166987797045,0.0947557625062445,-0.6548038395953023
N,25,10,Eggcrate,0.43752,0.027945,-0.5794476557482338,0.08019339185042491,-0.6709210293663711
N,25,15,Eggcrate,0.43332,0.021096,-0.576878612716763,0.06563102119460534,-0.6870382191374399
N,25,20,Eggcrate,0.38748,0.003014,-0.5761721258831085,0.05762506244201819,-0.6968475879657524
N,25,25,Eggcrate,0.35832,0.0,-0.5754656390494541,0.04961910368943104,-0.7066569567940648
N,25,30,Eggcrate,0.32502,0.0,-0.5747591522157997,0.041613144936843885,-0.7164663256223773
N,25,35,Eggcrate,0.28752,0.0,-0.574373795761079,0.03690769285663284,-0.7222718704391332
N,25,40,Eggcrate,0.25416,0.0,-0.5739884393063583,0.0322022407764218,-0.728077415255889
N,25,45,Eggcrate,0.21666,0.0,-0.5736030828516377,0.02749678869621076,-0.7338829600726449
N,25,5,Horizontal,0.47502,0.033699,-0.5831085420680796,0.10110031756226394,-0.6477450019629528
N,25,10,Horizontal,0.46248,0.030137,-0.5816313423249839,0.09288250196246381,-0.6568033541016721
N,25,15,Horizontal,0.48336,0.022466,-0.5801541425818882,0.08466468636266367,-0.6658617062403914
N,25,20,Horizontal,0.46668,0.009863,-0.5795761078998073,0.07867694283879291,-0.6731315238206553
N,25,25,Horizontal,0.46248,0.0,-0.5789980732177264,0.07268919931492215,-0.6804013414009192
N,25,30,Horizontal,0.45,0.0,-0.5784200385356455,0.0667014557910514,-0.6876711589811831
N,25,35,Horizontal,0.43332,0.0,-0.5780346820809249,0.06179529722400646,-0.6937464224813525
N,25,40,Horizontal,0.42498,0.0,-0.5776493256262043,0.05688913865696152,-0.6998216859815218
N,25,45,Horizontal,0.40836,0.0,-0.5772639691714837,0.05198298008991658,-0.7058969494816912
N,25,0,No Shade,0.4875,0.050685,-0.5845857418111753,0.10931813316206407,-0.6386866498242335
N,25,5,Vertical,0.46668,0.050685,-0.5826589595375722,0.10121182116606031,-0.6469909883991
N,25,10,Vertical,0.45414,0.048493,-0.5807321772639692,0.09310550917005656,-0.6552953269739665
N,25,15,Vertical,0.44586,0.044658,-0.5788053949903661,0.0849991971740528,-0.663599665548833
N,25,20,Vertical,0.44166,0.033973,-0.5784200385356455,0.08040524869763789,-0.669255366652582
N,25,25,Vertical,0.4125,0.033973,-0.5780346820809249,0.07581130022122298,-0.6749110677563311
N,25,30,Vertical,0.39168,0.033973,-0.5776493256262043,0.07121735174480807,-0.6805667688600802
N,25,35,Vertical,0.36666,0.033973,-0.5775208734746308,0.06870852065938754,-0.6837656324453605
N,25,40,Vertical,0.35418,0.030959,-0.5773924213230572,0.066199689573967,-0.6869644960306409
N,25,45,Vertical,0.35832,0.022466,-0.5772639691714837,0.06369085848854647,-0.6901633596159212
N,30,5,Eggcrate,0.5625,0.041644,-0.5298651252408477,0.10816964604296003,-0.5666939382224346
N,30,10,Eggcrate,0.55836,0.030137,-0.5267822736030828,0.09139950403197042,-0.5850875536815106
N,30,15,Eggcrate,0.525,0.019178,-0.5236994219653178,0.07462936202098082,-0.6034811691405865
N,30,20,Eggcrate,0.4875,0.008219,-0.5228644829800898,0.06519615713979894,-0.6150359175380081
N,30,25,Eggcrate,0.45834,0.0,-0.5220295439948619,0.05576295225861706,-0.6265906659354299
N,30,30,Eggcrate,0.42084,0.0,-0.5211946050096339,0.04632974737743518,-0.6381454143328515
N,30,35,Eggcrate,0.38334,0.0,-0.5208734746307,0.040709965746092876,-0.64526598757496
N,30,40,Eggcrate,0.375,0.0,-0.5205523442517662,0.035090184114750574,-0.6523865608170685
N,30,45,Eggcrate,0.32082,0.0,-0.5202312138728323,0.02947040248340827,-0.6595071340591769
N,30,5,Horizontal,0.5625,0.041644,-0.53121387283237,0.1153393277670732,-0.5588714970286001
N,30,10,Horizontal,0.575,0.031233,-0.5294797687861272,0.10573886748019677,-0.5694426712938413
N,30,15,Horizontal,0.575,0.026849,-0.5277456647398845,0.09613840719332033,-0.5800138455590826
N,30,20,Horizontal,0.58752,0.014795,-0.5271034039820167,0.08916943195604057,-0.5885159778351189
N,30,25,Horizontal,0.54582,0.0,-0.526461143224149,0.08220045671876082,-0.597018110111155
N,30,30,Horizontal,0.54582,0.0,-0.5258188824662813,0.07523148148148107,-0.6055202423871913
N,30,35,Horizontal,0.53748,0.0,-0.5253692999357739,0.06955594804824058,-0.6125431175284188
N,30,40,Horizontal,0.51666,0.0,-0.5249197174052666,0.0638804146150001,-0.6195659926696464
N,30,45,Horizontal,0.49998,0.0,-0.5244701348747591,0.058204881181759614,-0.626588867810874
N,30,0,No Shade,0.59168,0.056164,-0.5329479768786127,0.12493978805394965,-0.5483003227633587
N,30,5,Vertical,0.57084,0.056164,-0.530635838150289,0.11586339470491669,-0.5573904417692355
N,30,10,Vertical,0.55416,0.051507,-0.5283236994219652,0.10678700135588372,-0.5664805607751122
N,30,15,Vertical,0.54168,0.040548,-0.5260115606936415,0.09771060800685076,-0.575570679780989
N,30,20,Vertical,0.53748,0.036164,-0.5255619781631342,0.0922357810604437,-0.5823238362388037
N,30,25,Vertical,0.52086,0.036164,-0.5251123956326268,0.08676095411403664,-0.5890769926966185
N,30,30,Vertical,0.49584,0.034795,-0.5246628131021195,0.08128612716762958,-0.5958301491544332
N,30,35,Vertical,0.49584,0.029315,-0.5244701348747591,0.07814172554056918,-0.5997968119251631
N,30,40,Vertical,0.46248,0.023836,-0.5242774566473989,0.0749973239135088,-0.603763474695893
N,30,45,Vertical,0.44166,0.014795,-0.5240847784200385,0.0718529222864484,-0.6077301374666229
N,35,5,Eggcrate,0.65832,0.045205,-0.46409762363519597,0.11840567687147657,-0.46455686718752387
N,35,10,Eggcrate,0.62916,0.030137,-0.46037251123956335,0.09905980161278821,-0.48554877263014734
N,35,15,Eggcrate,0.59584,0.019178,-0.4566473988439308,0.07971392635409984,-0.5065406780727708
N,35,20,Eggcrate,0.58746,0.011233,-0.45555555555555566,0.06888692642546211,-0.519623232968015
N,35,25,Eggcrate,0.53748,0.0,-0.4544637122671805,0.058059926496824385,-0.5327057878632592
N,35,30,Eggcrate,0.52086,0.0,-0.4533718689788054,0.04723292656818666,-0.5457883427585034
N,35,35,Eggcrate,0.47502,0.0,-0.4529865125240848,0.04078801826875063,-0.5539314494981736
N,35,40,Eggcrate,0.45,0.0,-0.4526011560693642,0.0343431099693146,-0.562074556237844
N,35,45,Eggcrate,0.39168,0.0,-0.4522157996146436,0.02789820166987856,-0.5702176629775142
N,35,5,Horizontal,0.66668,0.045205,-0.4657675016056519,0.1267684471562122,-0.45556264815797154
N,35,10,Horizontal,0.65832,0.033151,-0.46371226718047526,0.11578534218225942,-0.4675603345710427
N,35,15,Horizontal,0.64586,0.027945,-0.4616570327552986,0.10480223720830667,-0.4795580209841138
N,35,20,Horizontal,0.63752,0.018904,-0.4608220937700706,0.09686318061799772,-0.489104863627237
N,35,25,Horizontal,0.63752,0.008219,-0.45998715478484264,0.08892412402768876,-0.4986517062703602
N,35,30,Horizontal,0.62916,0.0,-0.4591522157996146,0.08098506743737979,-0.5081985489134834
N,35,35,Horizontal,0.62502,0.0,-0.4586384071933205,0.07459591093984194,-0.5160941138392656
N,35,40,Horizontal,0.62084,0.0,-0.45812459858702637,0.0682067544423041,-0.5239896787650479
N,35,45,Horizontal,0.58752,0.0,-0.45761078998073224,0.06181759794476625,-0.5318852436908301
N,35,0,No Shade,0.67084,0.060822,-0.4678227360308285,0.13775155213016493,-0.4435649617449004
N,35,5,Vertical,0.63752,0.060822,-0.46506101477199746,0.12725906301291678,-0.4539539260551247
N,35,10,Vertical,0.63752,0.054795,-0.4622992935131664,0.11676657389566865,-0.46434289036534904
N,35,15,Vertical,0.62502,0.048767,-0.45953757225433534,0.1062740847784205,-0.47473185467557333
N,35,20,Vertical,0.59164,0.048767,-0.4588953114964676,0.09997413116391947,-0.4823349246735657
N,35,25,Vertical,0.58332,0.04274,-0.45825305073859995,0.09367417754941844,-0.4899379946715581
N,35,30,Vertical,0.57084,0.037808,-0.45761078998073224,0.08737422393491741,-0.49754106466955045
N,35,35,Vertical,0.54582,0.036164,-0.45741811175337194,0.08347159780204101,-0.5025266646887302
N,35,40,Vertical,0.54168,0.02411,-0.4572254335260117,0.07956897166916461,-0.50751226470791
N,35,45,Vertical,0.51252,0.02411,-0.4570327552986514,0.07566634553628822,-0.5124978647270897
N,40,5,Eggcrate,0.70832,0.050137,-0.3939627488760437,0.12779428031113954,-0.35768952982039787
N,40,10,Eggcrate,0.7,0.030137,-0.3892742453436095,0.10512559765931623,-0.38185212823025644
N,40,15,Eggcrate,0.67916,0.020822,-0.38458574181117533,0.0824569150074929,-0.40601472664011495
N,40,20,Eggcrate,0.65,0.005205,-0.3833654463712267,0.07030302219367729,-0.4207078017627619
N,40,25,Eggcrate,0.6042,0.0,-0.38214515093127815,0.05814912937986167,-0.43540087688540885
N,40,30,Eggcrate,0.57084,0.0,-0.38092485549132954,0.04599523656604605,-0.4500939520080558
N,40,35,Eggcrate,0.53748,0.0,-0.3804110468850354,0.03897050952686812,-0.4588436260979801
N,40,40,Eggcrate,0.49998,0.0,-0.3798972382787413,0.031945782487690186,-0.4675933001879044
N,40,45,Eggcrate,0.46668,0.0,-0.37938342967244715,0.024921055448512246,-0.4763429742778287
N,40,5,Horizontal,0.74168,0.050685,-0.3961464354527939,0.13811951402269315,-0.3467485412714544
N,40,10,Horizontal,0.73332,0.033699,-0.3936416184971098,0.1257760650824234,-0.3599701511323694
N,40,15,Horizontal,0.70832,0.030137,-0.3911368015414258,0.11343261614215366,-0.37319176099328444
N,40,20,Horizontal,0.71248,0.022466,-0.39017341040462433,0.10456807964033414,-0.3838096864969838
N,40,25,Horizontal,0.71248,0.009863,-0.3892100192678228,0.09570354313851462,-0.39442761200068327
N,40,30,Horizontal,0.69584,0.0,-0.3882466281310213,0.0868390066366951,-0.40504553750438266
N,40,35,Horizontal,0.68332,0.0,-0.38760436737315357,0.07976967815599852,-0.41368252912212544
N,40,40,Horizontal,0.67084,0.0,-0.38696210661528585,0.07270034967530192,-0.4223195207398682
N,40,45,Horizontal,0.65,0.0,-0.38631984585741813,0.06563102119460534,-0.430956512357611
N,40,0,No Shade,0.74584,0.063288,-0.3986512524084779,0.15046296296296288,-0.33352693141053935
N,40,5,Vertical,0.725,0.06137,-0.39511881824020556,0.13751739456219214,-0.3461767376626184
N,40,10,Vertical,0.68332,0.055068,-0.39158638407193325,0.12457182616142143,-0.35882654391469754
N,40,15,Vertical,0.69168,0.052877,-0.38805394990366093,0.1116262577606507,-0.3714763501667766
N,40,20,Vertical,0.66248,0.049863,-0.3874116891457932,0.10424471918932432,-0.3805329041809395
N,40,25,Vertical,0.65832,0.043836,-0.38676942838792555,0.09686318061799795,-0.38958945819510243
N,40,30,Vertical,0.65,0.041644,-0.38612716763005783,0.08948164204667157,-0.3986460122092653
N,40,35,Vertical,0.62498,0.036986,-0.38587026332691077,0.08489884393063621,-0.4044593488990982
N,40,40,Vertical,0.60414,0.026849,-0.38561335902376365,0.08031604581460083,-0.410272685588931
N,40,45,Vertical,0.58332,0.02411,-0.3853564547206166,0.07573324769856547,-0.41608602227876385
N,45,5,Eggcrate,0.775,0.050137,-0.32151573538856776,0.13876623492471324,-0.2455872524956467
N,45,10,Eggcrate,0.75416,0.031233,-0.3160565189466924,0.11399013416113647,-0.2715461773370373
N,45,15,Eggcrate,0.72084,0.023562,-0.310597302504817,0.08921403339755969,-0.29750510217842785
N,45,20,Eggcrate,0.69584,0.011233,-0.3091201027617213,0.07564404481552842,-0.3137559525414996
N,45,25,Eggcrate,0.66668,0.0,-0.3076429030186256,0.06207405623349714,-0.3300068029045714
N,45,30,Eggcrate,0.625,0.0,-0.30616570327552994,0.048504067651465865,-0.3462576532676432
N,45,35,Eggcrate,0.6,0.0,-0.30545921644187546,0.040531559980018284,-0.3560220689820525
N,45,40,Eggcrate,0.53748,0.0,-0.3047527296082209,0.0325590523085707,-0.3657864846964619
N,45,45,Eggcrate,0.50418,0.0,-0.30404624277456643,0.02458654463712312,-0.37555090041087125
N,45,5,Horizontal,0.78752,0.050685,-0.3241490044958253,0.14988314422322194,-0.23418654343519651
N,45,10,Horizontal,0.79168,0.034521,-0.32132305716120746,0.13622395275815383,-0.2487447592161369
N,45,15,Horizontal,0.77084,0.030137,-0.3184971098265896,0.12256476129308574,-0.2633029749970773
N,45,20,Horizontal,0.76248,0.02411,-0.3173410404624277,0.11281934632127359,-0.27484573589745853
N,45,25,Horizontal,0.77084,0.009863,-0.3161849710982658,0.10307393134946144,-0.28638849679783984
N,45,30,Horizontal,0.76248,0.0,-0.31502890173410397,0.09332851637764929,-0.2979312576982211
N,45,35,Horizontal,0.74168,0.0,-0.31425818882466283,0.08561246699493331,-0.3072647228940219
N,45,40,Horizontal,0.72084,0.0,-0.3134874759152217,0.07789641761221734,-0.31659818808982265
N,45,45,Horizontal,0.70832,0.0,-0.31271676300578055,0.07018036822950137,-0.32593165328562346
N,45,0,No Shade,0.79584,0.064658,-0.3269749518304432,0.16354233568829002,-0.21962832765425613
N,45,5,Vertical,0.775,0.06274,-0.3228644829800899,0.1496935880967678,-0.23271507817346462
N,45,10,Vertical,0.775,0.05863,-0.3187540141297367,0.13584484050524562,-0.24580182869267314
N,45,15,Vertical,0.75,0.055616,-0.31464354527938343,0.1219960929137234,-0.25888857921188163
N,45,20,Vertical,0.71668,0.053151,-0.31380860629415547,0.11371137515164507,-0.26889993736532797
N,45,25,Vertical,0.70416,0.04411,-0.31297366730892745,0.10542665738956673,-0.27891129551877436
N,45,30,Vertical,0.70416,0.041918,-0.3121387283236995,0.0971419396274884,-0.2889226536722207
N,45,35,Vertical,0.67916,0.033973,-0.3118175979447656,0.09166711268108182,-0.2958484300874192
N,45,40,Vertical,0.66248,0.02274,-0.3114964675658317,0.08619228573467523,-0.3027742065026176
N,45,45,Vertical,0.64586,0.014795,-0.3111753371868978,0.08071745878826865,-0.3096999829178161
N,50,5,Eggcrate,0.82916,0.054247,-0.24791265253693004,0.15064136872903744,-0.13071766147907735
N,50,10,Eggcrate,0.79584,0.033973,-0.2416827231856134,0.12425961607079139,-0.15779861604346693
N,50,15,Eggcrate,0.775,0.02274,-0.23545279383429676,0.09787786341254531,-0.18487957060785654
N,50,20,Eggcrate,0.73752,0.011233,-0.23359023763648046,0.08294753086419752,-0.20244065439746373
N,50,25,Eggcrate,0.70832,0.0,-0.23172768143866412,0.06801719831584974,-0.22000173818707092
N,50,30,Eggcrate,0.69168,0.0,-0.22986512524084782,0.05308686576750196,-0.23756282197667808
N,50,35,Eggcrate,0.63754,0.0,-0.22903018625561983,0.044110825661885594,-0.24850321115076976
N,50,40,Eggcrate,0.6,0.0,-0.22819524727039187,0.03513478555626923,-0.2594436003248614
N,50,45,Eggcrate,0.54168,0.0,-0.22736030828516388,0.026158745450652856,-0.2703839894989531
N,50,5,Horizontal,0.84168,0.056164,-0.25093127809890814,0.16207048811817618,-0.11941524989436002
N,50,10,Horizontal,0.84168,0.041644,-0.24771997430956963,0.1471178548490688,-0.1351937928740323
N,50,15,Horizontal,0.83332,0.031233,-0.24450867052023112,0.13216522157996147,-0.1509723358537046
N,50,20,Horizontal,0.81668,0.02411,-0.243159922928709,0.12158352957967604,-0.16337999466556385
N,50,25,Horizontal,0.80416,0.014795,-0.2418111753371869,0.11100183757939061,-0.17578765347742314
N,50,30,Horizontal,0.80832,0.0,-0.2404624277456648,0.1004201455791052,-0.1881953122892824
N,50,35,Horizontal,0.78752,0.0,-0.23962748876043682,0.09211312709626777,-0.19823663918533
N,50,40,Horizontal,0.78332,0.0,-0.2387925497752089,0.08380610861343037,-0.20827796608137755
N,50,45,Horizontal,0.75832,0.0,-0.23795761078998093,0.07549909013059294,-0.21831929297742514
N,50,0,No Shade,0.84584,0.066027,-0.2541425818882467,0.17702312138728352,-0.10363670691468774
N,50,5,Vertical,0.83332,0.063562,-0.24951830443159928,0.1628956147862699,-0.11640758688687715
N,50,10,Vertical,0.82084,0.058904,-0.24489402697495188,0.14876810818525626,-0.12917846685906656
N,50,15,Vertical,0.79584,0.055068,-0.2402697495183045,0.13464060158424265,-0.14194934683125598
N,50,20,Vertical,0.78332,0.049041,-0.23917790622992938,0.12564226075786722,-0.15257446483317988
N,50,25,Vertical,0.775,0.044384,-0.2380860629415543,0.11664391993149176,-0.16319958283510377
N,50,30,Vertical,0.75832,0.036164,-0.23699421965317918,0.10764557910511631,-0.17382470083702767
N,50,35,Vertical,0.75,0.023014,-0.23648041104688505,0.10144597873403234,-0.1814655314506976
N,50,40,Vertical,0.71668,0.016164,-0.2359666024405909,0.09524637836294839,-0.18910636206436754
N,50,45,Vertical,0.70416,0.001918,-0.23545279383429676,0.08904677799186442,-0.19674719267803747
N,55,5,Eggcrate,0.84584,0.052329,-0.17321772639691702,0.1616244737029902,-0.015579550528798159
N,55,10,Eggcrate,0.82916,0.027945,-0.1660886319845856,0.13217637194034101,-0.04557286749919831
N,55,15,Eggcrate,0.80832,0.021096,-0.15895953757225414,0.10272827017769183,-0.07556618446959845
N,55,20,Eggcrate,0.775,0.011233,-0.15684007707129086,0.08650449582530478,-0.09452021541532216
N,55,25,Eggcrate,0.73332,0.0,-0.15472061657032754,0.07028072147291774,-0.11347424636104586
N,55,30,Eggcrate,0.70832,0.0,-0.15260115606936425,0.05405694712053069,-0.13242827730676957
N,55,35,Eggcrate,0.66668,0.0,-0.15150931278098914,0.04448993791479335,-0.1438175982450307
N,55,40,Eggcrate,0.62086,0.0,-0.15041746949261406,0.034922928709056014,-0.15520691918329182
N,55,45,Eggcrate,0.59164,0.0,-0.14932562620423895,0.025355919503318673,-0.16659624012155297
N,55,5,Horizontal,0.875,0.056164,-0.17675016056518947,0.17487110183401167,-0.0025251662515990703
N,55,10,Horizontal,0.85832,0.034521,-0.17315350032113044,0.15866962820238395,-0.019464098944800133
N,55,15,Horizontal,0.87084,0.030137,-0.16955684007707145,0.14246815457075623,-0.036403031638001196
N,55,20,Horizontal,0.85832,0.022466,-0.16801541425818897,0.1310836366231359,-0.04963063524743689
N,55,25,Horizontal,0.84168,0.009863,-0.1664739884393065,0.11969911867551558,-0.06285823885687258
N,55,30,Horizontal,0.85,0.0,-0.16493256262042402,0.10831460072789525,-0.07608584246630827
N,55,35,Horizontal,0.82084,0.0,-0.1639049454078357,0.09945006422607573,-0.08661745799131541
N,55,40,Horizontal,0.8,0.0,-0.16287732819524742,0.09058552772425621,-0.09714907351632256
N,55,45,Horizontal,0.78752,0.0,-0.1618497109826591,0.0817209912224367,-0.1076806890413297
N,55,0,No Shade,0.87916,0.066027,-0.18034682080924846,0.19107257546563938,0.014413766441601993
N,55,5,Vertical,0.86248,0.062192,-0.17501605651894658,0.1747149967886964,-0.0004045780251193849
N,55,10,Vertical,0.86248,0.059452,-0.1696852922286447,0.1583574181117534,-0.015222922491840762
N,55,15,Vertical,0.82916,0.055616,-0.16435452793834282,0.14199983943481043,-0.030041266958562136
N,55,20,Vertical,0.80416,0.050959,-0.16307000642260747,0.13187531221009052,-0.04192087652578361
N,55,25,Vertical,0.80416,0.041096,-0.1617854849068721,0.1217507849853706,-0.05380048609300507
N,55,30,Vertical,0.78332,0.030137,-0.16050096339113676,0.1116262577606507,-0.06568009566022653
N,55,35,Vertical,0.76248,0.018904,-0.15992292870905586,0.1047353350460287,-0.07416364731584958
N,55,40,Vertical,0.74584,0.012877,-0.15934489402697496,0.0978444123314067,-0.08264719897147263
N,55,45,Vertical,0.73332,0.0,-0.15876685934489407,0.09095348961678469,-0.09113075062709568
N,60,5,Eggcrate,0.86668,0.049315,-0.10109184328837524,0.17391217084136198,0.09785933271597765
N,60,10,Eggcrate,0.84584,0.029041,-0.09293513166345553,0.14133081781203222,0.0650363670691474
N,60,15,Eggcrate,0.80832,0.020822,-0.08477842003853582,0.1087494647827024,0.03221340142231716
N,60,20,Eggcrate,0.80832,0.011233,-0.08233782915863853,0.09133260186969293,0.012087592640876096
N,60,25,Eggcrate,0.76668,0.0,-0.07989723827874123,0.07391573895668346,-0.00803821614056497
N,60,30,Eggcrate,0.73332,0.0,-0.07745664739884395,0.05649887604367398,-0.02816402492200604
N,60,35,Eggcrate,0.68332,0.0,-0.07617212588310857,0.046396649539713376,-0.04001366574662599
N,60,40,Eggcrate,0.65,0.0,-0.07488760436737317,0.03629442303575278,-0.05186330657124594
N,60,45,Eggcrate,0.60834,0.0,-0.07360308285163779,0.026192196531792177,-0.06371294739586587
N,60,5,Horizontal,0.89168,0.050685,-0.1051380860629417,0.18904320987654344,0.11275559591346249
N,60,10,Horizontal,0.89584,0.033699,-0.10102761721258845,0.1715928958823951,0.09482889346411708
N,60,15,Horizontal,0.87084,0.027945,-0.0969171483622352,0.15414258188824675,0.07690219101477168
N,60,20,Horizontal,0.875,0.018904,-0.0952472703917792,0.1419886890744309,0.06281328574296999
N,60,25,Horizontal,0.85416,0.0,-0.0935773924213232,0.12983479626061503,0.048724380471168297
N,60,30,Horizontal,0.85416,0.0,-0.0919075144508672,0.11768090344679918,0.034635475199366605
N,60,35,Horizontal,0.84584,0.0,-0.09068721901091846,0.10830345036751572,0.023673508530602363
N,60,40,Horizontal,0.82084,0.0,-0.08946692357096973,0.09892599728823226,0.012711541861838122
N,60,45,Horizontal,0.80416,0.0,-0.088246628131021,0.08954854420894881,0.0017495751930738763
N,60,0,No Shade,0.89584,0.066027,-0.10924855491329495,0.20649352387069178,0.1306822983628079
N,60,5,Vertical,0.87916,0.063288,-0.10314707771355175,0.18777206879326375,0.11372298692463814
N,60,10,Vertical,0.85832,0.058904,-0.09704560051380853,0.16905061371583568,0.09676367548646837
N,60,15,Vertical,0.87084,0.053699,-0.09094412331406533,0.15032915863840765,0.07980436404829862
N,60,20,Vertical,0.84168,0.048219,-0.08959537572254325,0.13895579105116712,0.06633281487408701
N,60,25,Vertical,0.81248,0.041096,-0.08824662813102117,0.1275824234639266,0.05286126569987542
N,60,30,Vertical,0.8,0.025479,-0.0868978805394991,0.11620905587668605,0.039389716525663816
N,60,35,Vertical,0.79168,0.019178,-0.08606294155427115,0.10862681081852578,0.03032237376416401
N,60,40,Vertical,0.775,0.011233,-0.0852280025690432,0.10104456576036551,0.021255031002664206
N,60,45,Vertical,0.75832,0.0,-0.08439306358381525,0.09346232070220524,0.012187688241164405
N,65,5,Eggcrate,0.9,0.049315,-0.04315992292870893,0.19411662384928297,0.20286261429329266
N,65,10,Eggcrate,0.85832,0.027945,-0.03429672447013481,0.1608662491971742,0.1700899961340327
N,65,15,Eggcrate,0.85416,0.01863,-0.025433526011560674,0.12761587454506546,0.1373173779747727
N,65,20,Eggcrate,0.81248,0.005205,-0.022350674373795794,0.10876061514308172,0.11612168508245944
N,65,25,Eggcrate,0.77916,0.0,-0.019267822736030914,0.08990535574109797,0.09492599219014619
N,65,30,Eggcrate,0.75832,0.0,-0.016184971098266037,0.07105009633911422,0.07373029929783294
N,65,35,Eggcrate,0.72916,0.0,-0.014643545279383528,0.059587525868836394,0.06039780508929219
N,65,40,Eggcrate,0.66248,0.0,-0.013102119460501016,0.04812495539855857,0.04706531088075144
N,65,45,Eggcrate,0.6042,0.0,-0.011560693641618507,0.03666238492828076,0.033732816672210696
N,65,5,Horizontal,0.89584,0.050685,-0.04752729608220931,0.2086120923428248,0.21647321843317488
N,65,10,Horizontal,0.90416,0.033151,-0.04303147077713555,0.1898571861842579,0.1973112044137971
N,65,15,Horizontal,0.89584,0.026849,-0.0385356454720618,0.17110228002569097,0.17814919039441934
N,65,20,Horizontal,0.89584,0.014795,-0.03660886319845868,0.15812326054378115,0.16329668156113225
N,65,25,Horizontal,0.87916,0.0,-0.03468208092485556,0.1451442410618713,0.1484441727278452
N,65,30,Horizontal,0.87916,0.0,-0.032755298651252436,0.13216522157996147,0.1335916638945581
N,65,35,Horizontal,0.85832,0.0,-0.031342324983943376,0.12223025048169567,0.12213940859683389
N,65,40,Horizontal,0.82916,0.0,-0.029929351316634323,0.11229527938342988,0.11068715329910969
N,65,45,Horizontal,0.81668,0.0,-0.028516377649325266,0.10236030828516408,0.0992348980013855
N,65,0,No Shade,0.91668,0.066027,-0.052023121387283065,0.2273669985013917,0.23563523245255263
N,65,5,Vertical,0.89584,0.063288,-0.045536287732819425,0.20952642189395582,0.2203775462192939
N,65,10,Vertical,0.88332,0.06137,-0.03904945407835579,0.19168584528651994,0.20511985998603516
N,65,15,Vertical,0.88752,0.06137,-0.03256262042389215,0.17384526867908404,0.18986217375277642
N,65,20,Vertical,0.85832,0.06137,-0.030700064226075827,0.16183633055020366,0.17622699524396104
N,65,25,Vertical,0.83752,0.06137,-0.028837508028259507,0.14982739242132326,0.16259181673514564
N,65,30,Vertical,0.83752,0.06137,-0.026974951830443183,0.13781845429244288,0.14895663822633026
N,65,35,Vertical,0.80832,0.06137,-0.025947334617854916,0.12904312067366017,0.13854489767172842
N,65,40,Vertical,0.79584,0.06137,-0.024919717405266644,0.12026778705487745,0.12813315711712658
N,65,45,Vertical,0.77084,0.06137,-0.023892100192678376,0.11149245343609475,0.11772141656252476
S,25,5,Eggcrate,0.1125,0.589589,-0.6883726003490401,-0.029389664533644014,-0.5616920279997186
S,25,10,Eggcrate,0.13752,0.50411,-0.6558682373472948,-0.13837002496606618,-0.6215390834828586
S,25,15,Eggcrate,0.15834,0.439726,-0.6233638743455496,-0.24735038539848833,-0.6813861389659985
S,25,20,Eggcrate,0.225,0.381096,-0.5887870855148342,-0.3147837587260042,-0.7070983872717358
S,25,25,Eggcrate,0.3,0.311781,-0.5542102966841186,-0.3822171320535201,-0.732810635577473
S,25,30,Eggcrate,0.31248,0.26137,-0.5196335078534031,-0.44965050538103596,-0.7585228838832102
S,25,35,Eggcrate,0.3375,0.218356,-0.48549301919720766,-0.4906672665794068,-0.7639039796279476
S,25,40,Eggcrate,0.32502,0.179452,-0.4513525305410122,-0.5316840277777777,-0.769285075372685
S,25,45,Eggcrate,0.30834,0.138082,-0.4172120418848167,-0.5727007889761485,-0.7746661711174224
S,25,5,Horizontal,0.12498,0.590959,-0.7021160558464223,0.005264385786309431,-0.5453282332068979
S,25,10,Horizontal,0.15,0.511781,-0.6833551483420593,-0.06906192432615929,-0.5888114938972173
S,25,15,Horizontal,0.16248,0.451781,-0.6645942408376964,-0.143388234438628,-0.6322947545875366
S,25,20,Horizontal,0.20832,0.404384,-0.6410340314136126,-0.20402335417878686,-0.6613080958875945
S,25,25,Horizontal,0.27918,0.359726,-0.6174738219895287,-0.2646584739189457,-0.6903214371876524
S,25,30,Horizontal,0.3375,0.321918,-0.593913612565445,-0.32529359365910454,-0.7193347784877103
S,25,35,Horizontal,0.40836,0.283288,-0.5618455497382198,-0.37149899408570913,-0.7303980932023812
S,25,40,Horizontal,0.44166,0.238356,-0.5297774869109947,-0.4177043945123137,-0.7414614079170522
S,25,45,Horizontal,0.45414,0.187123,-0.4977094240837695,-0.4639097949389183,-0.7525247226317231
S,25,0,No Shade,0.12918,0.63589,-0.7208769633507853,0.07959069589877815,-0.5018449725165787
S,25,5,Vertical,0.10836,0.634521,-0.7068062827225131,0.034672986959472345,-0.5259846225615991
S,25,10,Vertical,0.10416,0.626849,-0.6927356020942408,-0.010244721979833463,-0.5501242726066193
S,25,15,Vertical,0.12084,0.615068,-0.6786649214659686,-0.05516243091913927,-0.5742639226516397
S,25,20,Vertical,0.10416,0.610959,-0.6668848167539266,-0.08332121388404125,-0.5870812208768502
S,25,25,Vertical,0.10416,0.606301,-0.6551047120418848,-0.11147999684894322,-0.5998985191020606
S,25,30,Vertical,0.10002,0.606301,-0.6433246073298429,-0.1396387798138452,-0.6127158173272711
S,25,35,Vertical,0.10002,0.605479,-0.6335078534031412,-0.15800732014737232,-0.6194081031785694
S,25,40,Vertical,0.10002,0.603014,-0.6236910994764396,-0.17637586048089943,-0.6261003890298678
S,25,45,Vertical,0.10002,0.599452,-0.613874345549738,-0.1947444008144265,-0.6327926748811661
S,30,5,Eggcrate,0.15414,0.607397,-0.6551047120418848,0.08443847561566808,-0.44658056202160423
S,30,10,Eggcrate,0.15414,0.537808,-0.618128272251309,-0.04444429295132793,-0.5185027773875429
S,30,15,Eggcrate,0.1875,0.45589,-0.5811518324607331,-0.17332706151832397,-0.5904249927534816
S,30,20,Eggcrate,0.25836,0.394521,-0.5413394415357766,-0.2542622588229589,-0.6226060555406382
S,30,25,Eggcrate,0.32916,0.329589,-0.5015270506108203,-0.3351974561275938,-0.6547871183277949
S,30,30,Eggcrate,0.38334,0.282466,-0.46171465968586384,-0.4161326534322287,-0.6869681811149515
S,30,35,Eggcrate,0.39582,0.234795,-0.4217931937172774,-0.46669348094822605,-0.6952941197391619
S,30,40,Eggcrate,0.41664,0.192329,-0.381871727748691,-0.5172543084642234,-0.7036200583633722
S,30,45,Eggcrate,0.42084,0.150137,-0.34195026178010457,-0.5678151359802207,-0.7119459969875825
S,30,5,Horizontal,0.15414,0.608767,-0.6708115183246073,0.12443265828000744,-0.42757423309901504
S,30,10,Horizontal,0.16668,0.544932,-0.6495418848167539,0.03554407237735077,-0.48049011954236454
S,30,15,Horizontal,0.20418,0.476438,-0.6282722513089005,-0.05334451352530586,-0.5334060059857141
S,30,20,Horizontal,0.22086,0.424658,-0.6013307155322861,-0.12600439936009333,-0.5691833573698435
S,30,25,Horizontal,0.30834,0.379726,-0.5743891797556718,-0.1986642851948808,-0.6049607087539728
S,30,30,Horizontal,0.39582,0.338356,-0.5474476439790574,-0.27132417102966827,-0.6407380601381022
S,30,35,Horizontal,0.46248,0.29726,-0.5106893542757416,-0.3270736377738989,-0.6555997953784699
S,30,40,Horizontal,0.50418,0.254521,-0.4739310645724256,-0.3828231045181296,-0.6704615306188375
S,30,45,Horizontal,0.55002,0.210137,-0.43717277486910977,-0.43857257126236027,-0.6853232658592052
S,30,0,No Shade,0.15834,0.650959,-0.6920811518324607,0.2133212441826641,-0.37465834665566555
S,30,5,Vertical,0.15834,0.649589,-0.6761561954624781,0.16200295108590265,-0.402355755751128
S,30,10,Vertical,0.15834,0.637534,-0.6602312390924956,0.1106846579891412,-0.43005316484659034
S,30,15,Vertical,0.14586,0.626849,-0.644306282722513,0.05936636489237977,-0.45775057394205276
S,30,20,Vertical,0.14586,0.62274,-0.6311082024432809,0.02653023196625976,-0.4731185281476122
S,30,25,Vertical,0.15,0.62,-0.6179101221640487,-0.00630590095986025,-0.48848648235317166
S,30,30,Vertical,0.14586,0.61863,-0.6047120418848166,-0.03914203388598026,-0.5038544365587311
S,30,35,Vertical,0.12918,0.613151,-0.5936954624781849,-0.06120321892573217,-0.5124975029890042
S,30,40,Vertical,0.13752,0.608767,-0.5826788830715531,-0.08326440396548407,-0.5211405694192774
S,30,45,Vertical,0.12498,0.604932,-0.5716623036649214,-0.10532558900523599,-0.5297836358495506
S,35,5,Eggcrate,0.16668,0.624658,-0.6103839441535777,0.1905972767597451,-0.3285082485831495
S,35,10,Eggcrate,0.19998,0.563288,-0.5672993019197207,0.039937372745783406,-0.412692343941999
S,35,15,Eggcrate,0.23748,0.475616,-0.5242146596858638,-0.1107225312681783,-0.4968764393008485
S,35,20,Eggcrate,0.28332,0.405479,-0.4776396160558463,-0.20525423574752685,-0.5344054031465004
S,35,25,Eggcrate,0.37086,0.349589,-0.43106457242582885,-0.29978594022687544,-0.5719343669921524
S,35,30,Eggcrate,0.41664,0.295342,-0.3844895287958114,-0.394317644706224,-0.6094633308378044
S,35,35,Eggcrate,0.47502,0.239452,-0.3372600349040138,-0.4524910013089,-0.6180275598882526
S,35,40,Eggcrate,0.45414,0.198082,-0.29003054101221626,-0.510664357911576,-0.6265917889387008
S,35,45,Eggcrate,0.4875,0.143288,-0.2428010471204187,-0.5688377145142521,-0.6351560179891491
S,35,5,Horizontal,0.19584,0.624658,-0.6289267015706805,0.23791993891797658,-0.3059862467301747
S,35,10,Horizontal,0.19998,0.577534,-0.6043848167539266,0.13458269706224632,-0.3676483402360495
S,35,15,Horizontal,0.24168,0.495616,-0.5798429319371726,0.03124545520651604,-0.42931043374192424
S,35,20,Horizontal,0.28332,0.439452,-0.5486474694589877,-0.053211957048671384,-0.47099110441684955
S,35,25,Horizontal,0.33336,0.393699,-0.5174520069808026,-0.1376693693038588,-0.5126717750917749
S,35,30,Horizontal,0.42498,0.352329,-0.4862565445026177,-0.22212678155904622,-0.5543524457667002
S,35,35,Horizontal,0.50832,0.309863,-0.44404450261780093,-0.28653029256350604,-0.5717186015315797
S,35,40,Horizontal,0.57498,0.265479,-0.4018324607329841,-0.3509338035679658,-0.5890847572964591
S,35,45,Horizontal,0.60834,0.213699,-0.35962041884816737,-0.41533731457242556,-0.6064509130613387
S,35,0,No Shade,0.19164,0.664658,-0.6534685863874345,0.3412571807737068,-0.24432415322429996
S,35,5,Vertical,0.19164,0.663836,-0.6347076788830714,0.2810197304634485,-0.276782035984225
S,35,10,Vertical,0.19164,0.649863,-0.6159467713787085,0.22078228015319024,-0.3092399187441501
S,35,15,Vertical,0.17082,0.64274,-0.5971858638743454,0.16054482984293195,-0.34169780150407514
S,35,20,Vertical,0.16248,0.636986,-0.5818062827225129,0.12202770506108179,-0.35980431732460355
S,35,25,Vertical,0.15414,0.633151,-0.5664267015706805,0.08351058027923164,-0.377910833145132
S,35,30,Vertical,0.15414,0.629863,-0.5510471204188481,0.04499345549738148,-0.39601734896566043
S,35,35,Vertical,0.15414,0.627123,-0.538176265270506,0.017516391555167127,-0.4074475835157568
S,35,40,Vertical,0.15834,0.622192,-0.5253054101221639,-0.009960672387047224,-0.41887781806585306
S,35,45,Vertical,0.15414,0.609863,-0.5124345549738218,-0.03743773632926156,-0.4303080526159494
S,40,5,Eggcrate,0.20832,0.633699,-0.5599912739965095,0.29122657916424294,-0.21032449584088372
S,40,10,Eggcrate,0.21252,0.576712,-0.5100349040139615,0.11428261949777024,-0.3096999022535044
S,40,15,Eggcrate,0.25416,0.487945,-0.4600785340314135,-0.06266134016870246,-0.40907530866612507
S,40,20,Eggcrate,0.3,0.418356,-0.40652268760907495,-0.17069486862516967,-0.45170736275923756
S,40,25,Eggcrate,0.42918,0.34411,-0.3529668411867364,-0.2787283970816369,-0.4943394168523501
S,40,30,Eggcrate,0.48336,0.295342,-0.29941099476439786,-0.38676192553810407,-0.5369714709454626
S,40,35,Eggcrate,0.50418,0.252877,-0.24443717277486898,-0.4504837175198762,-0.5438172822206303
S,40,40,Eggcrate,0.525,0.201644,-0.18946335078534013,-0.5142055095016483,-0.550663093495798
S,40,45,Eggcrate,0.52914,0.15589,-0.13448952879581128,-0.5779273014834204,-0.5575089047709657
S,40,5,Horizontal,0.22086,0.63589,-0.581915357766143,0.35057400741710343,-0.18103848390383717
S,40,10,Horizontal,0.225,0.590959,-0.5538830715532285,0.23297747600349122,-0.2511278783794113
S,40,15,Horizontal,0.2625,0.511781,-0.525850785340314,0.115380944589879,-0.3212172728549854
S,40,20,Horizontal,0.3,0.451781,-0.4905104712041884,0.019428992146597587,-0.3686495156835999
S,40,25,Horizontal,0.36252,0.401096,-0.4551701570680628,-0.07652296029668383,-0.41608175851221435
S,40,30,Horizontal,0.48336,0.356164,-0.41982984293193715,-0.17247491273996524,-0.4635140013408288
S,40,35,Horizontal,0.55836,0.318356,-0.3721640488656195,-0.24534310160946288,-0.48323638706663935
S,40,40,Horizontal,0.63752,0.270411,-0.32449825479930183,-0.3182112904789605,-0.5029587727924499
S,40,45,Horizontal,0.67916,0.228493,-0.2768324607329841,-0.39107947934845816,-0.5226811585182605
S,40,0,No Shade,0.225,0.666849,-0.6099476439790574,0.46817053883071563,-0.11094908942826305
S,40,5,Vertical,0.21252,0.664658,-0.5880235602094239,0.39282165018421583,-0.15275720398786735
S,40,10,Vertical,0.20832,0.653973,-0.5660994764397905,0.3174727615377161,-0.19456531854747164
S,40,15,Vertical,0.20418,0.647671,-0.544175392670157,0.24212387289121626,-0.23637343310707593
S,40,20,Vertical,0.20832,0.643836,-0.525959860383944,0.19480121073298481,-0.25915150825391786
S,40,25,Vertical,0.20418,0.641096,-0.5077443280977312,0.14747854857475337,-0.2819295834007598
S,40,30,Vertical,0.19164,0.633699,-0.4895287958115182,0.10015588641652193,-0.30470765854760173
S,40,35,Vertical,0.1875,0.630685,-0.4743673647469458,0.06625930167733222,-0.3193690401460091
S,40,40,Vertical,0.1875,0.614795,-0.45920593368237334,0.03236271693814252,-0.3340304217444164
S,40,45,Vertical,0.19998,0.590137,-0.44404450261780093,-0.0015338678010471788,-0.34869180334282374
S,45,5,Eggcrate,0.23748,0.637534,-0.5076352530541012,0.3989571213884041,-0.08504715720114264
S,45,10,Eggcrate,0.225,0.592603,-0.45146160558464216,0.20311439548186888,-0.1943465892756272
S,45,15,Eggcrate,0.27084,0.503014,-0.39528795811518314,0.007271669575333682,-0.3036460213501118
S,45,20,Eggcrate,0.34164,0.429589,-0.3352966841186735,-0.11433942941632787,-0.35186723073922854
S,45,25,Eggcrate,0.44166,0.36137,-0.27530541012216386,-0.2359505284079894,-0.4000884401283453
S,45,30,Eggcrate,0.52086,0.312877,-0.21531413612565423,-0.3575616273996509,-0.44830964951746205
S,45,35,Eggcrate,0.55002,0.257808,-0.1524869109947642,-0.42927468125848345,-0.4552633435229166
S,45,40,Eggcrate,0.57914,0.209589,-0.08965968586387413,-0.500987735117316,-0.46221703752837107
S,45,45,Eggcrate,0.58332,0.160274,-0.026832460732984068,-0.5727007889761485,-0.4691707315338256
S,45,5,Horizontal,0.25002,0.638356,-0.5322862129144852,0.4631523293581542,-0.05410141095199384
S,45,10,Horizontal,0.25002,0.601096,-0.5007635253054101,0.33150481142136895,-0.1324550967773296
S,45,15,Horizontal,0.29166,0.525479,-0.4692408376963351,0.1998572934845837,-0.2108087826026654
S,45,20,Horizontal,0.32916,0.460822,-0.42986474694589877,0.0927895336435912,-0.26378157422242954
S,45,25,Horizontal,0.37086,0.411781,-0.39048865619546247,-0.014278226197401295,-0.31675436584219374
S,45,30,Horizontal,0.51666,0.363562,-0.3511125654450261,-0.12134598603839382,-0.3697271574619579
S,45,35,Horizontal,0.60834,0.319452,-0.2978839441535776,-0.20230011998254765,-0.3914240342569163
S,45,40,Horizontal,0.68752,0.27863,-0.2446553228621291,-0.2832542539267015,-0.41312091105187476
S,45,45,Horizontal,0.74168,0.232877,-0.19142670157068056,-0.3642083878708553,-0.43481778784683317
S,45,0,No Shade,0.25836,0.674795,-0.5638089005235601,0.5947998472949394,0.024252274873341938
S,45,5,Vertical,0.24582,0.673973,-0.5395942408376962,0.5135806003975182,-0.020357234100189678
S,45,10,Vertical,0.24582,0.671233,-0.5153795811518325,0.432361353500097,-0.0649667430737213
S,45,15,Vertical,0.225,0.663288,-0.4911649214659686,0.35114210660267586,-0.10957625204725291
S,45,20,Vertical,0.225,0.656712,-0.4706588132635253,0.29876336169284473,-0.13451850218462544
S,45,25,Vertical,0.21666,0.649589,-0.450152705061082,0.24638461678301357,-0.15946075232199794
S,45,30,Vertical,0.21252,0.644384,-0.42964659685863876,0.19400587187318244,-0.18440300245937047
S,45,35,Vertical,0.20832,0.638082,-0.412521815008726,0.15348146330230764,-0.20271461401989435
S,45,40,Vertical,0.225,0.606575,-0.39539703315881314,0.11295705473143282,-0.22102622558041823
S,45,45,Vertical,0.23748,0.579178,-0.37827225130890035,0.072432646160558,-0.23933783714094214
S,50,5,Eggcrate,0.26664,0.645753,-0.45451570680628267,0.5098690190517741,0.0433172872591088
S,50,10,Eggcrate,0.25836,0.586301,-0.39267015706806274,0.29819526250727146,-0.07393227217034576
S,50,15,Eggcrate,0.29166,0.515342,-0.3308246073298428,0.08652150596276884,-0.19118183159980034
S,50,20,Eggcrate,0.35832,0.436986,-0.2643979057591622,-0.04817481093659101,-0.24460690081961248
S,50,25,Eggcrate,0.50418,0.359452,-0.19797120418848158,-0.18287112783595086,-0.2980319700394246
S,50,30,Eggcrate,0.57918,0.311507,-0.13154450261780093,-0.31756744473531073,-0.35145703925923677
S,50,35,Eggcrate,0.61248,0.252877,-0.06064572425828957,-0.3982943390052351,-0.35914812950906827
S,50,40,Eggcrate,0.61668,0.212055,0.010253054101221792,-0.47902123327515944,-0.3668392197588997
S,50,45,Eggcrate,0.61668,0.171781,0.08115183246073315,-0.5597481275450837,-0.3745303100087312
S,50,5,Horizontal,0.28752,0.646575,-0.48134816753926696,0.5760715108105487,0.07412669818976343
S,50,10,Horizontal,0.29586,0.60411,-0.44633507853403137,0.43060024602482083,-0.012313450309036494
S,50,15,Horizontal,0.31668,0.536438,-0.41132198952879573,0.28512898123909286,-0.09875359880783642
S,50,20,Horizontal,0.35832,0.469589,-0.3680191972076787,0.1673809567093273,-0.15701145868713834
S,50,25,Horizontal,0.40836,0.416164,-0.3247164048865618,0.04963293217956169,-0.21526931856644027
S,50,30,Horizontal,0.525,0.373425,-0.2814136125654448,-0.06811509235020392,-0.27352717844574215
S,50,35,Horizontal,0.65416,0.328767,-0.22305846422338552,-0.1570036782528606,-0.29742142491747314
S,50,40,Horizontal,0.725,0.281644,-0.16470331588132625,-0.2458922641555173,-0.3213156713892042
S,50,45,Horizontal,0.78332,0.236438,-0.10634816753926696,-0.33478085005817393,-0.3452099178609352
S,50,0,No Shade,0.27918,0.674795,-0.5163612565445026,0.7215427755962767,0.16056684668856336
S,50,5,Vertical,0.27498,0.673973,-0.4900741710296684,0.6383351815493502,0.1160231343252617
S,50,10,Vertical,0.25836,0.669315,-0.4637870855148341,0.5551275875024236,0.07147942196196005
S,50,15,Vertical,0.2625,0.664932,-0.4374999999999999,0.4719199934554972,0.026935709598658403
S,50,20,Vertical,0.25002,0.659726,-0.4152486910994763,0.4163977663854952,0.0008992203398067618
S,50,25,Vertical,0.25002,0.652603,-0.39299738219895275,0.36087553931549315,-0.02513726891904488
S,50,30,Vertical,0.24582,0.633151,-0.3707460732984292,0.30535331224549117,-0.05117375817789652
S,50,35,Vertical,0.24582,0.612329,-0.35176701570680613,0.2580495867267791,-0.07333950991602341
S,50,40,Vertical,0.2625,0.578904,-0.3327879581151831,0.21074586120806693,-0.0955052616541503
S,50,45,Vertical,0.27918,0.553425,-0.31380890052356003,0.16344213568935484,-0.11767101339227719
S,55,5,Eggcrate,0.26664,0.645753,-0.40085078534031415,0.612145809094435,0.1653510308431987
S,55,10,Eggcrate,0.28332,0.580274,-0.3324607329842932,0.3756082448613538,0.033765516292959985
S,55,15,Eggcrate,0.32082,0.499726,-0.2640706806282722,0.1390706806282727,-0.09781999825727869
S,55,20,Eggcrate,0.41664,0.420274,-0.1904450261780104,-0.008426804585999204,-0.15562913711005855
S,55,25,Eggcrate,0.51666,0.355342,-0.11681937172774856,-0.15592428980027112,-0.21343827596283838
S,55,30,Eggcrate,0.60418,0.30274,-0.04319371727748671,-0.3034217750145431,-0.2712474148156182
S,55,35,Eggcrate,0.62916,0.254247,0.03588568935427597,-0.3897349779426018,-0.27690829434439573
S,55,40,Eggcrate,0.64584,0.201918,0.11496509598603864,-0.47604818087066053,-0.28256917387317326
S,55,45,Eggcrate,0.65,0.152329,0.19404450261780135,-0.5623613837987192,-0.2882300534019508
S,55,5,Horizontal,0.27498,0.646575,-0.43095549738219896,0.6895209181694788,0.20234295208643466
S,55,10,Horizontal,0.29166,0.601096,-0.3926701570680628,0.5303584630114414,0.10774935877943193
S,55,15,Horizontal,0.3375,0.521096,-0.35438481675392663,0.371196007853404,0.01315576547242918
S,55,20,Horizontal,0.38748,0.451781,-0.30715532286212904,0.2430138949486141,-0.0501945149337555
S,55,25,Horizontal,0.45,0.401096,-0.25992582897033145,0.11483178204382422,-0.11354479533994018
S,55,30,Horizontal,0.61668,0.355068,-0.21269633507853392,-0.01335033086096568,-0.1768950757461248
S,55,35,Horizontal,0.70832,0.311507,-0.14921465968586373,-0.10985144585030066,-0.20273476793654144
S,55,40,Horizontal,0.775,0.265479,-0.08573298429319351,-0.20635256083963563,-0.22857446012695806
S,55,45,Horizontal,0.84168,0.213699,-0.022251308900523296,-0.3028536758289706,-0.2544141523173747
S,55,0,No Shade,0.28752,0.674795,-0.4692408376963351,0.8486833733275161,0.2969365453934374
S,55,5,Vertical,0.27084,0.672603,-0.4401178010471204,0.7514247927574174,0.2436163950926403
S,55,10,Vertical,0.25416,0.667945,-0.4109947643979057,0.6541662121873186,0.1902962447918432
S,55,15,Vertical,0.25002,0.665753,-0.381871727748691,0.55690763161722,0.13697609449104614
S,55,20,Vertical,0.24168,0.663014,-0.35678446771378697,0.4924851839732409,0.1061939506240904
S,55,25,Vertical,0.24168,0.644384,-0.331697207678883,0.42806273632926184,0.07541180675713467
S,55,30,Vertical,0.24582,0.628767,-0.306609947643979,0.3636402886852828,0.044629662890178945
S,55,35,Vertical,0.25836,0.603288,-0.28490401396160553,0.3107313178689166,0.020211414585627058
S,55,40,Vertical,0.26664,0.580274,-0.2631980802792321,0.25782234705255047,-0.0042068337189248295
S,55,45,Vertical,0.28332,0.554795,-0.2414921465968586,0.20491337623618425,-0.028625082023476724
S,60,5,Eggcrate,0.28752,0.636164,-0.3543848167539265,0.7197437948419629,0.28591531679882387
S,60,10,Eggcrate,0.29586,0.57589,-0.2794502617801045,0.4567328085611796,0.13873422733736607
S,60,15,Eggcrate,0.34998,0.48411,-0.2045157068062825,0.19372182228039625,-0.008446862124091747
S,60,20,Eggcrate,0.42498,0.410137,-0.12358202443280958,0.03353678858832737,-0.07046579850706829
S,60,25,Eggcrate,0.57498,0.342466,-0.04264834205933665,-0.1266482451037415,-0.13248473489004484
S,60,30,Eggcrate,0.65,0.289041,0.03828534031413628,-0.2868332787958104,-0.19450367127302137
S,60,35,Eggcrate,0.68752,0.232055,0.1258726003490404,-0.3786570438239282,-0.19781899056144625
S,60,40,Eggcrate,0.67084,0.185479,0.21345986038394454,-0.4704808088520459,-0.20113430984987116
S,60,45,Eggcrate,0.68332,0.138082,0.3010471204188487,-0.5623045738801636,-0.20444962913829604
S,60,5,Horizontal,0.3,0.638356,-0.3877617801047119,0.8093140997673068,0.3298899773979759
S,60,10,Horizontal,0.32082,0.590959,-0.3462041884816752,0.6358734184118674,0.22668354853567005
S,60,15,Horizontal,0.375,0.504658,-0.3046465968586386,0.4624327370564279,0.12347711967336424
S,60,20,Horizontal,0.43332,0.439452,-0.25316317626527035,0.32389228233469064,0.05534976825959671
S,60,25,Horizontal,0.51666,0.38411,-0.2016797556719021,0.18535182761295338,-0.01277758315417081
S,60,30,Horizontal,0.7,0.332603,-0.15019633507853386,0.04681137289121611,-0.08090493456793832
S,60,35,Horizontal,0.75,0.291507,-0.08169720767888293,-0.05760525741710274,-0.109012535143392
S,60,40,Horizontal,0.84584,0.237534,-0.013198080279232,-0.1620218877254216,-0.13712013571884568
S,60,45,Horizontal,0.86668,0.186027,0.055301047120418945,-0.26643851803374047,-0.16522773629429938
S,60,0,No Shade,0.30414,0.674795,-0.42931937172774853,0.9827547811227463,0.4330964062602817
S,60,5,Vertical,0.28752,0.673973,-0.3973603839441534,0.869854536309871,0.3697550172879124
S,60,10,Vertical,0.26664,0.670959,-0.36540139616055833,0.7569542914969958,0.3064136283155431
S,60,15,Vertical,0.25836,0.666575,-0.3334424083769632,0.6440540466841205,0.24307223934317376
S,60,20,Vertical,0.25416,0.658904,-0.3057373472949388,0.5691028274675209,0.20609928649207557
S,60,25,Vertical,0.25416,0.643288,-0.2780322862129143,0.49415160825092136,0.1691263336409774
S,60,30,Vertical,0.25416,0.629589,-0.2503272251308899,0.4192003890343218,0.1321533807898792
S,60,35,Vertical,0.26664,0.607123,-0.22556719022687596,0.3573911976439789,0.10316019340646836
S,60,40,Vertical,0.2625,0.591233,-0.200807155322862,0.29558200625363606,0.07416700602305751
S,60,45,Vertical,0.26664,0.567123,-0.17604712041884807,0.2337728148632932,0.04517381863964666
S,65,5,Eggcrate,0.29586,0.633699,-0.33736910994764385,0.8711232911576492,0.4176946646062251
S,65,10,Eggcrate,0.31248,0.56137,-0.25785340314136107,0.5950838968877251,0.2639030904845655
S,65,15,Eggcrate,0.38748,0.465753,-0.17833769633507837,0.3190445026178011,0.11011151636290588
S,65,20,Eggcrate,0.47082,0.395616,-0.09075043630017435,0.14353972755478014,0.041310787028228255
S,65,25,Eggcrate,0.63752,0.325753,-0.0031631762652703233,-0.03196504750824081,-0.02748994230644937
S,65,30,Eggcrate,0.7,0.275342,0.08442408376963367,-0.2074698225712617,-0.09629067164112701
S,65,35,Eggcrate,0.71248,0.220822,0.1811736474694592,-0.31251136198371104,-0.1027796400391931
S,65,40,Eggcrate,0.72916,0.162466,0.2779232111692847,-0.4175529013961604,-0.10926860843725919
S,65,45,Eggcrate,0.72916,0.120274,0.3746727748691102,-0.5225944408086097,-0.11575757683532528
S,65,5,Horizontal,0.31668,0.63589,-0.37216404886561943,0.9572850009695549,0.45789224412083546
S,65,10,Horizontal,0.33336,0.57863,-0.3274432809773123,0.7674073165115365,0.3442982495137862
S,65,15,Horizontal,0.40002,0.483014,-0.28272251308900515,0.5775296320535181,0.23070425490673693
S,65,20,Horizontal,0.47916,0.417534,-0.22720331588132622,0.4269833478766716,0.1563398590529907
S,65,25,Horizontal,0.625,0.363562,-0.1716841186736473,0.27643706369982507,0.08197546319924448
S,65,30,Horizontal,0.73752,0.318356,-0.11616492146596835,0.12589077952297856,0.007611067345498261
S,65,35,Horizontal,0.82916,0.267945,-0.04210296684118653,0.012176259210781193,-0.023419443906018807
S,65,40,Horizontal,0.87084,0.213699,0.031958987783595294,-0.10153826110141617,-0.054449955157535875
S,65,45,Horizontal,0.89584,0.154247,0.10602094240837712,-0.21525278141361354,-0.08548046640905294
S,65,0,No Shade,0.30834,0.674795,-0.4168848167539266,1.1471626854275734,0.5714862387278847
S,65,5,Vertical,0.29586,0.673973,-0.3838350785340313,1.0389019172968783,0.512629096209464
S,65,10,Vertical,0.27498,0.672329,-0.350785340314136,0.9306411491661833,0.4537719536910433
S,65,15,Vertical,0.2625,0.672329,-0.31773560209424073,0.8223803810354883,0.39491481117262256
S,65,20,Vertical,0.25002,0.672329,-0.28861256544502606,0.7439069468683361,0.3562951647790172
S,65,25,Vertical,0.25002,0.672329,-0.2594895287958114,0.6654335127011841,0.31767551838541175
S,65,30,Vertical,0.25002,0.672329,-0.2303664921465967,0.586960078534032,0.27905587199180637
S,65,35,Vertical,0.24582,0.672329,-0.20320680628272236,0.5156068208260622,0.24447175102562757
S,65,40,Vertical,0.22914,0.672329,-0.17604712041884799,0.4442535631180924,0.2098876300594488
S,65,45,Vertical,0.22914,0.672329,-0.14888743455497364,0.37290030541012265,0.17530350909327003
W,25,5,Eggcrate,0.31668,0.290959,-0.5940252237018249,0.030396928845987985,-0.5816869005454618
W,25,10,Eggcrate,0.35418,0.236712,-0.5839498344254209,-0.006470815034015406,-0.6093376800572835
W,25,15,Eggcrate,0.34164,0.230685,-0.5738744451490171,-0.04333855891401881,-0.6369884595691051
W,25,20,Eggcrate,0.30834,0.213151,-0.5670400901853025,-0.06790074528132041,-0.6552842892793269
W,25,25,Eggcrate,0.32082,0.170411,-0.5602057352215881,-0.09246293164862202,-0.6735801189895487
W,25,30,Eggcrate,0.31248,0.133973,-0.5533713802578736,-0.11702511801592361,-0.6918759486997705
W,25,35,Eggcrate,0.28332,0.121918,-0.5499189741421827,-0.13373425475782308,-0.7055574239197074
W,25,40,Eggcrate,0.23748,0.108493,-0.546466568026492,-0.15044339149972252,-0.7192388991396442
W,25,45,Eggcrate,0.225,0.070685,-0.5430141619108011,-0.167152528241622,-0.7329203743595811
W,25,5,Horizontal,0.34164,0.290959,-0.6003663777918692,0.04453731103752196,-0.5736377857965954
W,25,10,Horizontal,0.39582,0.236712,-0.5966321426055098,0.021809949349052546,-0.5932394505595506
W,25,15,Horizontal,0.39168,0.230685,-0.5928979074191503,-0.0009174123394168742,-0.6128411153225058
W,25,20,Horizontal,0.37914,0.230685,-0.5895159585711266,-0.019975124670221403,-0.6290191290191298
W,25,25,Horizontal,0.40836,0.196986,-0.5861340097231028,-0.03903283700102593,-0.6451971427157538
W,25,30,Horizontal,0.40002,0.169589,-0.5827520608750791,-0.05809054933183046,-0.6613751564123778
W,25,35,Horizontal,0.40416,0.161096,-0.5795110265623898,-0.07468959659299997,-0.6751611590321274
W,25,40,Horizontal,0.40416,0.148767,-0.5762699922497005,-0.09128864385416949,-0.688947161651877
W,25,45,Horizontal,0.40416,0.114247,-0.5730289579370113,-0.107887691115339,-0.7027331642716266
W,25,0,No Shade,0.34584,0.30274,-0.6041006129782287,0.06726467272599138,-0.5540361210336402
W,25,5,Vertical,0.32916,0.30274,-0.5970548862115127,0.04963812364467583,-0.5649559520527269
W,25,10,Vertical,0.32082,0.300822,-0.5900091594447968,0.03201157456336028,-0.5758757830718135
W,25,15,Vertical,0.31248,0.298904,-0.5829634326780808,0.014385025482044731,-0.5867956140909002
W,25,20,Vertical,0.29586,0.294521,-0.5778905094060452,0.0024219685760584527,-0.5939065070578723
W,25,25,Vertical,0.29166,0.292329,-0.5728175861340097,-0.009541088329927826,-0.6010174000248444
W,25,30,Vertical,0.28752,0.288219,-0.5677446628619741,-0.021504145235914107,-0.6081282929918165
W,25,35,Vertical,0.2625,0.288219,-0.5649968294229549,-0.029369427025842207,-0.6134097039804238
W,25,40,Vertical,0.25416,0.287123,-0.5622489959839356,-0.037234708815770304,-0.6186911149690313
W,25,45,Vertical,0.2625,0.28,-0.5595011625449164,-0.04509999060569841,-0.6239725259576386
W,30,5,Eggcrate,0.40416,0.298904,-0.5438596491228069,0.07351530879854638,-0.4854141355382058
W,30,10,Eggcrate,0.42918,0.252329,-0.532022828154724,0.03081282243985635,-0.5172687343903233
W,30,15,Eggcrate,0.42918,0.230685,-0.5201860071866412,-0.01188966391883368,-0.5491233332424407
W,30,20,Eggcrate,0.40416,0.210685,-0.5122947932079193,-0.04075757219912817,-0.5707721191592164
W,30,25,Eggcrate,0.38748,0.192603,-0.5044035792291974,-0.06962548047942266,-0.5924209050759922
W,30,30,Eggcrate,0.4125,0.138904,-0.4965123652504755,-0.09849338875971715,-0.614069690992768
W,30,35,Eggcrate,0.38334,0.123562,-0.49256675826111457,-0.11854190641709142,-0.6306885376364286
W,30,40,Eggcrate,0.34584,0.110959,-0.4886211512717536,-0.13859042407446567,-0.6473073842800894
W,30,45,Eggcrate,0.34164,0.068493,-0.4846755442823927,-0.15863894173183993,-0.66392623092375
W,30,5,Horizontal,0.42498,0.298904,-0.5511872049601916,0.08949051566891307,-0.4764894144546755
W,30,10,Horizontal,0.46248,0.25589,-0.5466779398294933,0.06276323618058972,-0.4994192922232627
W,30,15,Horizontal,0.47502,0.230685,-0.5421686746987951,0.03603595669226638,-0.5223491699918499
W,30,20,Horizontal,0.47916,0.230685,-0.5382230677094342,0.013700024268614476,-0.5413287199887697
W,30,25,Horizontal,0.46668,0.223562,-0.5342774607200732,-0.008635908155037425,-0.5603082699856896
W,30,30,Horizontal,0.52086,0.173973,-0.5303318537307122,-0.03097184057868933,-0.5792878199826095
W,30,35,Horizontal,0.49998,0.165753,-0.5267385330796871,-0.050518839490515874,-0.5957526528246135
W,30,40,Horizontal,0.4875,0.158904,-0.523145212428662,-0.07006583840234241,-0.6122174856666175
W,30,45,Horizontal,0.50418,0.119726,-0.5195518917776368,-0.08961283731416897,-0.6286823185086216
W,30,0,No Shade,0.41664,0.310137,-0.5556964700908897,0.11621779515723642,-0.45355953668608834
W,30,5,Vertical,0.40002,0.310137,-0.5474529697738321,0.09641392079037342,-0.4654903041999823
W,30,10,Vertical,0.40002,0.304932,-0.5392094694567744,0.07661004642351044,-0.4774210717138762
W,30,15,Vertical,0.38334,0.301644,-0.5309659691397167,0.056806172056647446,-0.48935183922777015
W,30,20,Vertical,0.39168,0.297808,-0.5250475586556753,0.04316730861066092,-0.4973196548878933
W,30,25,Vertical,0.37914,0.297808,-0.5191291481716338,0.029528445164674396,-0.5052874705480165
W,30,30,Vertical,0.35418,0.292877,-0.5132107376875924,0.015889581718687873,-0.5132552862081396
W,30,35,Vertical,0.34998,0.290411,-0.5099697033749031,0.005810278149635511,-0.5203126530669957
W,30,40,Vertical,0.34584,0.282466,-0.5067286690622137,-0.004269025419416851,-0.5273700199258519
W,30,45,Vertical,0.32502,0.27863,-0.5034876347495244,-0.014348328988469213,-0.5344273867847079
W,35,5,Eggcrate,0.47916,0.301644,-0.4806594800253646,0.11292734289986385,-0.3795142455192092
W,35,10,Eggcrate,0.49164,0.272603,-0.4664975692242655,0.06354609471022421,-0.41586200767342296
W,35,15,Eggcrate,0.50832,0.230685,-0.4523356584231663,0.014164846520584588,-0.4522097698276367
W,35,20,Eggcrate,0.50832,0.211781,-0.44310575635876837,-0.019045480166279615,-0.4769585253456228
W,35,25,Eggcrate,0.46668,0.20411,-0.4338758542943704,-0.05225580685314382,-0.5017072808636088
W,35,30,Eggcrate,0.49998,0.143562,-0.4246459522299725,-0.08546613354000802,-0.5264560363815949
W,35,35,Eggcrate,0.46668,0.123562,-0.4198548580286056,-0.1084870671770907,-0.5452699584213236
W,35,40,Eggcrate,0.42084,0.114795,-0.4150637638272388,-0.13150800081417335,-0.5640838804610524
W,35,45,Eggcrate,0.4125,0.072329,-0.41027266962587194,-0.15452893445125604,-0.5828978025007812
W,35,5,Horizontal,0.50418,0.301644,-0.48946663848375965,0.13158139380132544,-0.36935185942630205
W,35,10,Horizontal,0.525,0.27589,-0.48411188614105544,0.10085419651314736,-0.3955372354876086
W,35,15,Horizontal,0.56666,0.230685,-0.4787571337983513,0.07012699922496932,-0.4217226115489152
W,35,20,Horizontal,0.55416,0.230685,-0.47417741139998587,0.04450061454394538,-0.44344360721531995
W,35,25,Horizontal,0.53334,0.230685,-0.4695976890016205,0.018874229862921456,-0.4651646028817247
W,35,30,Horizontal,0.59164,0.176986,-0.4650179666032551,-0.006752154818102468,-0.4868855985481294
W,35,35,Horizontal,0.57498,0.168219,-0.4609314450785599,-0.028990229925550125,-0.5056187264623991
W,35,40,Horizontal,0.5708,0.158904,-0.4568449235538646,-0.05122830503299779,-0.5243518543766688
W,35,45,Horizontal,0.60414,0.12411,-0.45275840202916934,-0.07346638014044544,-0.5430849822909385
W,35,0,No Shade,0.47082,0.31863,-0.4948213908264638,0.1623085910895035,-0.34316648336499544
W,35,5,Vertical,0.45834,0.31863,-0.48488691608539425,0.13936105043957445,-0.3565964868694405
W,35,10,Vertical,0.45414,0.310959,-0.4749524413443247,0.11641350978964543,-0.3700264903738856
W,35,15,Vertical,0.46248,0.304658,-0.4650179666032551,0.09346596913971639,-0.38345649387833064
W,35,20,Vertical,0.43752,0.304658,-0.4579722398365391,0.07756415525650309,-0.3925963293208958
W,35,25,Vertical,0.44166,0.296164,-0.4509265130698231,0.061662341373289783,-0.40173616476346086
W,35,30,Vertical,0.42498,0.289589,-0.4438807863031071,0.04576052749007648,-0.410876000206026
W,35,35,Vertical,0.42918,0.286301,-0.44000563658141334,0.03412773902628003,-0.41888219307574215
W,35,40,Vertical,0.40416,0.283836,-0.4361304868597195,0.02249495056248358,-0.42688838594545836
W,35,45,Vertical,0.40002,0.27589,-0.4322553371380257,0.010862162098687126,-0.4348945788151745
W,40,5,Eggcrate,0.56664,0.30274,-0.4135137039385612,0.14992964058964883,-0.2720292757513604
W,40,10,Eggcrate,0.53334,0.287671,-0.39688578876911146,0.09201034156117628,-0.3146436322614985
W,40,15,Eggcrate,0.58332,0.230685,-0.38025787359966173,0.03409104253270373,-0.35725798877163667
W,40,20,Eggcrate,0.55416,0.212877,-0.36933699711125195,-0.0036329528640880668,-0.384919877475709
W,40,25,Eggcrate,0.54582,0.201918,-0.3584161206228422,-0.041356948260879864,-0.4125817661797813
W,40,30,Eggcrate,0.55002,0.15589,-0.34749524413443245,-0.07908094365767167,-0.44024365488385364
W,40,35,Eggcrate,0.52914,0.124932,-0.3418586627210597,-0.10429143474482722,-0.46044471106505863
W,40,40,Eggcrate,0.49998,0.115342,-0.33622208130768694,-0.12950192583198278,-0.4806457672462637
W,40,45,Eggcrate,0.47916,0.088219,-0.3305854998943142,-0.15471241691913834,-0.5008468234274687
W,40,5,Horizontal,0.55002,0.30274,-0.42401183682096805,0.17314628885914002,-0.25890326014395526
W,40,10,Horizontal,0.58334,0.290959,-0.41788205453392513,0.13844363810015864,-0.28839160104668826
W,40,15,Horizontal,0.64168,0.236712,-0.41175227224688227,0.10374098734117726,-0.31787994194942126
W,40,20,Horizontal,0.62502,0.230685,-0.40653843443951243,0.0749464720480359,-0.34221614246428184
W,40,25,Horizontal,0.62918,0.230685,-0.40132459663214254,0.046151956754894516,-0.3665523429791424
W,40,30,Horizontal,0.65,0.189589,-0.3961107588247727,0.017357441461753147,-0.390888543494003
W,40,35,Horizontal,0.64168,0.168219,-0.39146057915874016,-0.007461620360584894,-0.41170363502869745
W,40,40,Horizontal,0.65416,0.16,-0.3868103994927076,-0.03228068218292293,-0.4325187265633919
W,40,45,Horizontal,0.66668,0.131233,-0.3821602198266751,-0.05709974400526098,-0.45333381809808637
W,40,0,No Shade,0.53748,0.31863,-0.4301416191080109,0.2078489396181214,-0.22941491924122223
W,40,5,Vertical,0.53334,0.31863,-0.41830479813992805,0.17931129978001675,-0.24665083101807675
W,40,10,Vertical,0.525,0.310959,-0.40646797717184524,0.15077365994191208,-0.2638867427949313
W,40,15,Vertical,0.525,0.303014,-0.3946311562037624,0.12223602010380742,-0.2811226545717858
W,40,20,Vertical,0.53748,0.295616,-0.3863876558867047,0.10272571768555717,-0.2927504441152084
W,40,25,Vertical,0.525,0.289589,-0.378144155569647,0.08321541526730693,-0.3043782336586309
W,40,30,Vertical,0.49584,0.286027,-0.3699006552525893,0.06370511284905668,-0.3160060232020535
W,40,35,Vertical,0.49584,0.282192,-0.36539139012189104,0.05045767866788767,-0.32502416249314553
W,40,40,Vertical,0.47502,0.27863,-0.3608821249911928,0.03721024448671865,-0.3340423017842375
W,40,45,Vertical,0.47082,0.268493,-0.35637285986049455,0.023962810305549635,-0.3430604410753295
W,45,5,Eggcrate,0.6042,0.303562,-0.34495878249841466,0.1901367653851268,-0.1597825022142645
W,45,10,Eggcrate,0.60414,0.288767,-0.3259353202282815,0.12655397418132522,-0.20576950849903752
W,45,15,Eggcrate,0.63332,0.233425,-0.3069118579581483,0.06297118297752366,-0.25175651478381056
W,45,20,Eggcrate,0.63332,0.213973,-0.29422954977805954,0.021173876793724282,-0.28180435500534795
W,45,25,Eggcrate,0.59166,0.20411,-0.2815472415979708,-0.020623429390075096,-0.3118521952268853
W,45,30,Eggcrate,0.5875,0.172329,-0.26886493341788203,-0.06242073557387447,-0.3419000354484227
W,45,35,Eggcrate,0.59168,0.127397,-0.26224195025716895,-0.09090944675387713,-0.36446633965244396
W,45,40,Eggcrate,0.55416,0.113425,-0.2556189670964559,-0.1193981579338798,-0.38703264385646524
W,45,45,Eggcrate,0.52914,0.084932,-0.2489959839357428,-0.14788686911388246,-0.4095989480604865
W,45,5,Horizontal,0.63338,0.307397,-0.35700697526949904,0.21504145235914393,-0.14651408696073742
W,45,10,Horizontal,0.62086,0.292055,-0.35003170577045023,0.1763633481293595,-0.1792326779919834
W,45,15,Horizontal,0.69168,0.240822,-0.3430564362714014,0.13768524389957504,-0.21195126902322936
W,45,20,Horizontal,0.69168,0.230685,-0.33713802578735996,0.10582045531052073,-0.23872896701680843
W,45,25,Horizontal,0.675,0.230685,-0.33121961530331845,0.07395566672146642,-0.2655066650103875
W,45,30,Horizontal,0.69584,0.199726,-0.325301204819277,0.042090878132412114,-0.29228436300396654
W,45,35,Horizontal,0.70832,0.169589,-0.3200873670119072,0.01477645474686224,-0.31509304958436524
W,45,40,Horizontal,0.69584,0.161096,-0.3148735292045374,-0.012537968638687634,-0.3379017361647639
W,45,45,Horizontal,0.71668,0.137534,-0.3096596913971676,-0.0398523920242375,-0.3607104227451626
W,45,0,No Shade,0.62918,0.31863,-0.36398224476854785,0.25371955658892836,-0.11379549592949142
W,45,5,Vertical,0.60418,0.314795,-0.35066582117945466,0.22317584176863364,-0.1315747482000588
W,45,10,Vertical,0.59166,0.308767,-0.3373493975903614,0.19263212694833892,-0.14935400047062614
W,45,15,Vertical,0.59582,0.308767,-0.32403297400126824,0.16208841212804417,-0.1671332527411935
W,45,20,Vertical,0.57918,0.300274,-0.3144507855985345,0.14054757039855298,-0.17947506036836106
W,45,25,Vertical,0.57498,0.296712,-0.30486859719580073,0.11900672866906178,-0.19181686799552863
W,45,30,Vertical,0.54582,0.295616,-0.295286408793067,0.0974658869395706,-0.20415867562269618
W,45,35,Vertical,0.53334,0.287945,-0.28957937011202706,0.08209005613095613,-0.2141372550801837
W,45,40,Vertical,0.54998,0.273973,-0.2838723314309871,0.06671422532234167,-0.2241158345376712
W,45,45,Vertical,0.53334,0.266849,-0.27816529274994717,0.051338394513727195,-0.2340944139951587
W,50,5,Eggcrate,0.65416,0.309041,-0.27541745931092787,0.23189737507535013,-0.04491446426930291
W,50,10,Eggcrate,0.66248,0.288219,-0.25406890720777847,0.1637275221744676,-0.09323591581656124
W,50,15,Eggcrate,0.68752,0.237808,-0.23272035510462902,0.09555766927358503,-0.14155736736381955
W,50,20,Eggcrate,0.67916,0.215616,-0.21841752976819562,0.049858302606135704,-0.17395985137920666
W,50,25,Eggcrate,0.65,0.205479,-0.2041147044317622,0.004158935938686381,-0.20636233539459375
W,50,30,Eggcrate,0.62916,0.173151,-0.1898118790953288,-0.04154043072876293,-0.23876481940998084
W,50,35,Eggcrate,0.63332,0.125479,-0.18185020784893963,-0.07340521931781722,-0.26343379072907636
W,50,40,Eggcrate,0.59166,0.115342,-0.17388853660255046,-0.10527000790687152,-0.28810276204817187
W,50,45,Eggcrate,0.57082,0.090411,-0.1659268653561613,-0.1371347964959258,-0.3127717333672674
W,50,5,Horizontal,0.66668,0.309041,-0.28880434016768824,0.2575237597563743,-0.03228280771705089
W,50,10,Horizontal,0.68332,0.293425,-0.2808426689212991,0.214980291536516,-0.0679726027120572
W,50,15,Horizontal,0.75416,0.247397,-0.27288099767491003,0.1724368233166576,-0.10366239770706351
W,50,20,Horizontal,0.74168,0.230685,-0.26625801451419706,0.13747729710263978,-0.1329068413435667
W,50,25,Horizontal,0.75,0.230685,-0.25963503135348404,0.10251777088862196,-0.16215128498006987
W,50,30,Horizontal,0.74584,0.209315,-0.25301204819277107,0.06755824467460413,-0.19139572861657306
W,50,35,Horizontal,0.75832,0.172603,-0.24730500951173115,0.03784631704204666,-0.21616973229876532
W,50,40,Horizontal,0.75832,0.161096,-0.24159797083069123,0.008134389409489198,-0.2409437359809576
W,50,45,Horizontal,0.74584,0.139452,-0.23589093214965132,-0.02157753822306827,-0.2657177396631499
W,50,0,No Shade,0.66248,0.323836,-0.2967660114140773,0.3000672279762327,0.003406987277955423
W,50,5,Vertical,0.65,0.323836,-0.28189952793630657,0.2689608335877623,-0.013353249085258988
W,50,10,Vertical,0.65416,0.315616,-0.2670330444585359,0.2378544391992919,-0.0301134854484734
W,50,15,Vertical,0.62916,0.311507,-0.2521665609807651,0.20674804481082149,-0.04687372181168781
W,50,20,Vertical,0.62084,0.306027,-0.24131614176002253,0.1842163977547611,-0.05892921525675933
W,50,25,Vertical,0.61668,0.299452,-0.2304657225392799,0.16168475069870067,-0.07098470870183085
W,50,30,Vertical,0.6125,0.293425,-0.21961530331853732,0.13915310364264027,-0.08304020214690236
W,50,35,Vertical,0.59166,0.286301,-0.21285140562248997,0.1212085182836606,-0.09457911815231952
W,50,40,Vertical,0.59998,0.27726,-0.20608750792644262,0.10326393292468092,-0.10611803415773668
W,50,45,Vertical,0.59166,0.267671,-0.19932361023039527,0.08531934756570125,-0.11765695016315385
W,55,5,Eggcrate,0.68752,0.305205,-0.20467836257309927,0.270208514369368,0.0676297326421394
W,55,10,Eggcrate,0.68752,0.289863,-0.1804410624955962,0.19392873638804708,0.01391981789004118
W,55,15,Eggcrate,0.73752,0.230685,-0.15620376241809314,0.11764895840672618,-0.03979009686205701
W,55,20,Eggcrate,0.71248,0.211233,-0.13999859085464644,0.06764386982628344,-0.07467296052903999
W,55,25,Eggcrate,0.675,0.200822,-0.12379341929119972,0.0176387812458407,-0.10955582419602297
W,55,30,Eggcrate,0.69168,0.142466,-0.10758824772775301,-0.03236630733460202,-0.14443868786300593
W,55,35,Eggcrate,0.65416,0.126027,-0.09864017473402371,-0.06648181419635688,-0.17041248430826622
W,55,40,Eggcrate,0.64584,0.115342,-0.08969210174029442,-0.10059732105811173,-0.19638628075352654
W,55,45,Eggcrate,0.5958,0.082466,-0.08074402874656512,-0.13471282791986658,-0.22236007719878684
W,55,5,Horizontal,0.69584,0.309041,-0.22010850419220732,0.3001039244698087,0.08255846717385155
W,55,10,Horizontal,0.71668,0.293425,-0.21130134573381235,0.25371955658892864,0.04377728695346551
W,55,15,Horizontal,0.775,0.240822,-0.20249418727541735,0.2073351887080485,0.004996106733079475
W,55,20,Horizontal,0.79168,0.230685,-0.1952370887056999,0.1694154786788477,-0.026648932356128568
W,55,25,Horizontal,0.79168,0.230685,-0.18797999013598246,0.1314957686496469,-0.058293971445336615
W,55,30,Horizontal,0.80416,0.178082,-0.180722891566265,0.09357605862044609,-0.08993901053454464
W,55,35,Horizontal,0.8,0.168219,-0.17459310927922211,0.06162564487971349,-0.11658693296410447
W,55,40,Horizontal,0.775,0.158904,-0.1684633269921792,0.029675231138980893,-0.14323485539366432
W,55,45,Horizontal,0.77916,0.12411,-0.1623335447051363,-0.002275182601751689,-0.16988277782322414
W,55,0,No Shade,0.7,0.323836,-0.22891566265060231,0.34648829235068884,0.1213396473942376
W,55,5,Vertical,0.675,0.32,-0.21193546114281683,0.31018322803886056,0.10139561752464933
W,55,10,Vertical,0.66668,0.315616,-0.19495525963503135,0.27387816372703233,0.08145158765506105
W,55,15,Vertical,0.66248,0.307123,-0.17797505812724584,0.23757309941520405,0.06150755778547279
W,55,20,Vertical,0.67084,0.304384,-0.16550412175015858,0.21186108958250105,0.04784224139062793
W,55,25,Vertical,0.65,0.297808,-0.15303318537307134,0.18614907974979802,0.03417692499578308
W,55,30,Vertical,0.63752,0.289589,-0.14056224899598407,0.16043706991709503,0.020511608600938234
W,55,35,Vertical,0.62916,0.281644,-0.13295286408793078,0.1398136405270202,0.007080595169924923
W,55,40,Vertical,0.63752,0.274521,-0.12534347917987748,0.11919021113694536,-0.006350418261088387
W,55,45,Vertical,0.60418,0.266849,-0.1177340942718242,0.09856678174687053,-0.019781431692101697
W,60,5,Eggcrate,0.70832,0.305205,-0.13647572747128853,0.31094162223944494,0.18005576814509816
W,60,10,Eggcrate,0.7,0.287671,-0.10956105122243351,0.22611156125476545,0.12028477909371203
W,60,15,Eggcrate,0.75,0.230685,-0.08264637497357846,0.14128150027008599,0.060513790042325905
W,60,20,Eggcrate,0.725,0.212877,-0.06453885718311833,0.08690952895402268,0.023087426313232864
W,60,25,Eggcrate,0.69584,0.200274,-0.046431339392658214,0.032537557637959375,-0.014338937415860176
W,60,30,Eggcrate,0.71248,0.143836,-0.028323821602198082,-0.021834413678103928,-0.05176530114495323
W,60,35,Eggcrate,0.70416,0.124932,-0.018248432325794314,-0.057980459851100244,-0.07867125981269887
W,60,40,Eggcrate,0.65832,0.110959,-0.008173043049390545,-0.09412650602409656,-0.1055772184804445
W,60,45,Eggcrate,0.62918,0.072055,0.0019023462270132245,-0.13027255219709288,-0.13248317714819013
W,60,5,Horizontal,0.71668,0.309041,-0.15373775804974263,0.34542409403696644,0.19782795092968802
W,60,10,Horizontal,0.74168,0.290959,-0.1440851123793417,0.29507650484980846,0.15582914466289172
W,60,15,Horizontal,0.79168,0.230685,-0.13443246670894077,0.2447289156626505,0.11383033839609542
W,60,20,Horizontal,0.80832,0.230685,-0.12661170999788607,0.2038123253246904,0.07967411689496065
W,60,25,Horizontal,0.79584,0.225479,-0.11879095328683137,0.1628957349867303,0.04551789539382588
W,60,30,Horizontal,0.82916,0.172603,-0.11097019657577667,0.12197914464877019,0.011361673892691106
W,60,35,Horizontal,0.80832,0.161918,-0.10427675614739647,0.08776578047081082,-0.017039986022616443
W,60,40,Horizontal,0.82084,0.148767,-0.09758331571901628,0.05355241629285146,-0.045441645937924
W,60,45,Horizontal,0.825,0.112329,-0.09088987529063608,0.019339052114892095,-0.07384330585323155
W,60,0,No Shade,0.7,0.323836,-0.16339040372014357,0.3957716832241244,0.2398267571964843
W,60,5,Vertical,0.68752,0.32,-0.1445078559853447,0.353644108598135,0.21583696149452972
W,60,10,Vertical,0.68752,0.315616,-0.12562530825054583,0.3115165339721455,0.19184716579257516
W,60,15,Vertical,0.69168,0.305479,-0.10674276051574695,0.2693889593461561,0.16785737009062057
W,60,20,Vertical,0.69168,0.299452,-0.09265130698231504,0.2400806931429416,0.15215301195450043
W,60,25,Vertical,0.675,0.293425,-0.07855985344888314,0.21077242693972706,0.1364486538183803
W,60,30,Vertical,0.68752,0.279726,-0.06446839991545122,0.18146416073651256,0.12074429568226018
W,60,35,Vertical,0.67916,0.276438,-0.05587261326005777,0.15764813640526967,0.10503640280315164
W,60,40,Vertical,0.65416,0.272329,-0.04727682660466431,0.1338321120740268,0.08932850992404309
W,60,45,Vertical,0.66668,0.258082,-0.03868103994927085,0.11001608774278392,0.07362061704493456
W,65,5,Eggcrate,0.74168,0.303562,-0.08461917846825892,0.3679068124349249,0.2923641472028571
W,65,10,Eggcrate,0.73752,0.276438,-0.05573169872472335,0.28022665711579237,0.2316877589830443
W,65,15,Eggcrate,0.74168,0.230685,-0.02684421898118777,0.1925465017966598,0.1710113707632315
W,65,20,Eggcrate,0.75,0.212877,-0.006975269499048642,0.13392996939023105,0.1310223183672313
W,65,25,Eggcrate,0.75416,0.17589,0.012893679983090486,0.07531343698380227,0.0910332659712311
W,65,30,Eggcrate,0.74168,0.138356,0.032762629465229606,0.0166969045773735,0.05104421357523091
W,65,35,Eggcrate,0.69168,0.123562,0.04438807863031092,-0.02393834597649877,0.021104940459779193
W,65,40,Eggcrate,0.68332,0.093151,0.05601352779539223,-0.06457359653037104,-0.008834332655672524
W,65,45,Eggcrate,0.65,0.06,0.06763897696047354,-0.10520884708424331,-0.03877360577112424
W,65,5,Horizontal,0.75416,0.303562,-0.10300852532938766,0.4008113350086507,0.30734438798954955
W,65,10,Horizontal,0.76668,0.281644,-0.09251039244698081,0.34603570226324387,0.2616482405564292
W,65,15,Horizontal,0.84584,0.230685,-0.08201225956457397,0.2912600695178371,0.21595209312330887
W,65,20,Horizontal,0.81668,0.230685,-0.07341647290918056,0.24700409826440223,0.1791493590501031
W,65,25,Horizontal,0.83752,0.199726,-0.06482068625378715,0.2027481270109673,0.14234662497689735
W,65,30,Horizontal,0.84168,0.168219,-0.056224899598393725,0.1584921557575324,0.10554389090369158
W,65,35,Horizontal,0.84168,0.16,-0.048967801028676275,0.12173450135825893,0.07509813961426785
W,65,40,Horizontal,0.83752,0.12411,-0.041710702458958825,0.08497684695898547,0.04465238832484412
W,65,45,Horizontal,0.84584,0.099726,-0.034453603889241374,0.04821919255971202,0.014206637035420383
W,65,0,No Shade,0.725,0.323836,-0.1135066582117945,0.45558696775405744,0.3530405354226699
W,65,5,Vertical,0.71248,0.323836,-0.09349679419432111,0.4155266289328857,0.33234764500273223
W,65,10,Vertical,0.69168,0.319452,-0.07348693017684771,0.37546629011171406,0.3116547545827946
W,65,15,Vertical,0.68332,0.319452,-0.05347706615937432,0.33540595129054235,0.29096186416285696
W,65,20,Vertical,0.67916,0.319452,-0.03811738180793352,0.3056328628353572,0.2760866557392615
W,65,25,Vertical,0.65416,0.319452,-0.02275769745649272,0.275859774380172,0.2612114473156661
W,65,30,Vertical,0.625,0.319452,-0.007398013105051911,0.24608668592498686,0.24633623889207062
W,65,35,Vertical,0.62082,0.319452,0.0023955471006833267,0.21863770872965568,0.22811514374789832
W,65,40,Vertical,0.60414,0.319452,0.012189107306418565,0.19118873153432447,0.20989404860372604
W,65,45,Vertical,0.59582,0.318904,0.021982667512153806,0.1637397543389933,0.19167295345955374
