tile_id,seed_index,tile_path_id,h3_res,level,center_lat,center_lon,tile_size_m,geometry,children,checked,fetch_success,current
881946cb61fffff,556,556,8,0,54.93538917347116,-1.3809730472578396,531.415,"POLYGON ((-1.3797612718768013 54.939729103468245, -1.3869499555106721 54.93859350612811, -1.388161172298714 54.93425332402804, -1.3821846319996687 54.93104897750165, -1.3749971477597698 54.93218457787824, -1.3737850045563231 54.936524521724266, -1.3797612718768013 54.939729103468245))",0,True,True,False
881946cb69fffff,557,557,8,0,54.94086419958973,-1.372572670633304,531.415,"POLYGON ((-1.371360145946814 54.9452036114434, -1.3785493058126357 54.94406876746176, -1.3797612718768013 54.939729103468245, -1.3737850045563231 54.936524521724266, -1.3665970444190287 54.937659368827156, -1.365384152005114 54.941998794532324, -1.371360145946814 54.9452036114434))",0,True,True,False
8819733693fffff,558,558,8,0,54.94633795421746,-1.3641710687473871,531.415,"POLYGON ((-1.362957794601886 54.95067684785143, -1.3701474304528933 54.94954275725404, -1.371360145946814 54.9452036114434, -1.365384152005114 54.941998794532324, -1.3581957162171148 54.943132888335825, -1.3569820744393075 54.947471795823795, -1.362957794601886 54.95067684785143))",0,True,True,False
881973369bfffff,559,559,8,0,54.951810437252455,-1.3557682416933965,531.415,"POLYGON ((-1.3545542179353665 54.956148812590556, -1.361744329524616 54.95501547540305, -1.362957794601886 54.95067684785143, -1.3569820744393075 54.947471795823795, -1.3497931632474733 54.948605136302305, -1.3485787719523583 54.95294352549698, -1.3545542179353665 54.956148812590556))",0,True,True,False
8819733691fffff,560,560,8,0,54.95388163699052,-1.3689345241075823,531.415,"POLYGON ((-1.3677214268669111 54.95822025062163, -1.3749122630820445 54.95708616310852, -1.3761248014591956 54.95274729731308, -1.3701474304528933 54.94954275725404, -1.362957794601886 54.95067684785143, -1.361744329524616 54.95501547540305, -1.3677214268669111 54.95822025062163))",0,True,True,False
881946d9a5fffff,561,561,8,0,54.95728164859296,-1.3473641895648,531.415,"POLYGON ((-1.3461494160408047 54.96161950555913, -1.3533400031212222 54.96048692180702, -1.3545542179353665 54.956148812590556, -1.3485787719523583 54.95294352549698, -1.341389385603744 54.954076112624946, -1.3401742446379628 54.95841398345018, -1.3461494160408047 54.96161950555913))",0,True,True,False
8819733699fffff,562,562,8,0,54.95935383684115,-1.360530673471615,531.415,"POLYGON ((-1.3593168263988717 54.96369193213458, -1.3665081386869014 54.96255859811623, -1.3677214268669111 54.95822025062163, -1.361744329524616 54.95501547540305, -1.3545542179353665 54.956148812590556, -1.3533400031212222 54.96048692180702, -1.3593168263988717 54.96369193213458))",0,True,True,False
881973369dfffff,563,563,8,0,54.96142476277564,-1.3736995338459526,531.415,"POLYGON ((-1.372486613706988 54.96576309628323, -1.3796786505873955 54.964629011732505, -1.3808910116508522 54.96029042607293, -1.3749122630820445 54.95708616310852, -1.3677214268669111 54.95822025062163, -1.3665081386869014 54.96255859811623, -1.372486613706988 54.96576309628323))",0,True,True,False
88197336d3fffff,564,564,8,0,54.96482476487065,-1.3521255972069646,531.415,"POLYGON ((-1.3509110001485636 54.969162341750334, -1.3581027882623793 54.96802976125222, -1.3593168263988717 54.96369193213458, -1.3533400031212222 54.96048692180702, -1.3461494160408047 54.96161950555913, -1.344934451336323 54.96595709636433, -1.3509110001485636 54.969162341750334))",0,True,True,False
88197336d7fffff,565,565,8,0,54.96689667944317,-1.3652946595235775,531.415,"POLYGON ((-1.364080989332912 54.97123449457133, -1.3712735026211214 54.9701011636002, -1.372486613706988 54.96576309628323, -1.3665081386869014 54.96255859811623, -1.3593168263988717 54.96369193213458, -1.3581027882623793 54.96802976125222, -1.364080989332912 54.97123449457133))",0,True,True,False
88197336d1fffff,566,566,8,0,54.97236732416295,-1.3568885590181028,531.415,"POLYGON ((-1.355674138622018 54.97670462083561, -1.3628671280708615 54.97557204346959, -1.364080989332912 54.97123449457133, -1.3581027882623793 54.96802976125222, -1.3509110001485636 54.969162341750334, -1.349696211901971 54.97349965241495, -1.355674138622018 54.97670462083561))",0,True,True,False
88197336a7fffff,567,567,8,0,54.96421868578402,-1.43480155173566,531.415,"POLYGON ((-1.4335930943144781 54.96855848918076, -1.4407875444159484 54.9674206460525, -1.4419954420615197 54.96308059073794, -1.4360098188472605 54.95987861620785, -1.4288165689365213 54.9610164613865, -1.4276077421807476 54.96535627902422, -1.4335930943144781 54.96855848918076))",0,True,True,False
88197336abfffff,568,568,8,0,54.96762996024545,-1.413220366285374,531.415,"POLYGON ((-1.412010229842064 54.97196900771598, -1.4192044368020489 54.970832669972836, -1.42041401362216 54.96649337049815, -1.4144303121771173 54.96329064657096, -1.4072373057792331 54.9644269866561, -1.4060268003958054 54.96876604830584, -1.412010229842064 54.97196900771598))",0,True,True,False
88197336d5fffff,569,569,8,0,54.97443896469541,-1.3700602005443665,531.415,"POLYGON ((-1.3688467074327142 54.978776499537766, -1.3760404220225821 54.977643171491906, -1.3772533558172473 54.97330538447313, -1.3712735026211214 54.9701011636002, -1.364080989332912 54.97123449457133, -1.3628671280708615 54.97557204346959, -1.3688467074327142 54.978776499537766))",0,True,True,False
88197336a1fffff,570,570,8,0,54.969695830474336,-1.426398725034677,531.415,"POLYGON ((-1.4251895174544453 54.97403511570563, -1.4323844465397848 54.97289802636687, -1.4335930943144781 54.96855848918076, -1.4276077421807476 54.96535627902422, -1.42041401362216 54.96649337049815, -1.4192044368020489 54.970832669972836, -1.4251895174544453 54.97403511570563))",0,True,True,False
8819733685fffff,571,571,8,0,54.97310484374344,-1.4048161043801963,531.415,"POLYGON ((-1.4036052176884637 54.97744337293781, -1.4107999028032585 54.976307788951395, -1.412010229842064 54.97196900771598, -1.4060268003958054 54.96876604830584, -1.398833316178809 54.96990163471904, -1.3976220606418708 54.97424017809501, -1.4036052176884637 54.97744337293781))",0,True,True,False
88197336a5fffff,572,572,8,0,54.9717604351646,-1.4395794564975797,531.415,"POLYGON ((-1.4383711782625372 54.97609995804313, -1.4455668288549814 54.974962116843166, -1.4467745471022335 54.97062234205925, -1.4407875444159484 54.9674206460525, -1.4335930943144781 54.96855848918076, -1.4323844465397848 54.97289802636687, -1.4383711782625372 54.97609995804313))",0,True,True,False
88197336a9fffff,573,573,8,0,54.9751717032206,-1.4179946694670844,531.415,"POLYGON ((-1.4167847115733327 54.9795104702103, -1.4239801193960995 54.97837413468705, -1.4251895174544453 54.97403511570563, -1.4192044368020489 54.970832669972836, -1.412010229842064 54.97196900771598, -1.4107999028032585 54.976307788951395, -1.4167847115733327 54.9795104702103))",0,True,True,False
881973368dfffff,574,574,8,0,54.97857845521956,-1.3964106143481985,531.415,"POLYGON ((-1.395198977253826 54.982916466061646, -1.4023941402766256 54.98178163585783, -1.4036052176884637 54.97744337293781, -1.3976220606418708 54.97424017809501, -1.3904280988525544 54.97537501081037, -1.3892160930079742 54.97971303583643, -1.395198977253826 54.982916466061646))",0,True,True,False
88197336c3fffff,575,575,8,0,54.9819806922349,-1.3748272972294702,531.415,"POLYGON ((-1.3736139813939257 54.98631794667097, -1.3808088975869492 54.98518462142835, -1.3820216538932448 54.98084711482826, -1.3760404220225821 54.977643171491906, -1.3688467074327142 54.978776499537766, -1.3676330232421017 54.9831137680962, -1.3736139813939257 54.98631794667097))",0,True,True,False
88197336adfffff,576,576,8,0,54.97723729731124,-1.4311756083676863,531.415,"POLYGON ((-1.4299665797542813 54.98157630198274, -1.4371627096669182 54.980439214657, -1.4383711782625372 54.97609995804313, -1.4323844465397848 54.97289802636687, -1.4251895174544453 54.97403511570563, -1.4239801193960995 54.97837413468705, -1.4299665797542813 54.98157630198274))",0,True,True,False
88197336e3fffff,577,577,8,0,54.98064630392064,-1.4095893851249843,531.415,"POLYGON ((-1.408378676763317 54.98498455259256, -1.4155745630768557 54.98384897091083, -1.4167847115733327 54.9795104702103, -1.4107999028032585 54.976307788951395, -1.4036052176884637 54.97744337293781, -1.4023941402766256 54.98178163585783, -1.408378676763317 54.98498455259256))",0,True,True,False
88197336c7fffff,578,578,8,0,54.98405079457188,-1.3880038962820778,531.415,"POLYGON ((-1.3867915086308673 54.98838828698561, -1.3939871493147244 54.98725421059015, -1.395198977253826 54.982916466061646, -1.3892160930079742 54.97971303583643, -1.3820216538932448 54.98084711482826, -1.3808088975869492 54.98518462142835, -1.3867915086308673 54.98838828698561))",0,True,True,False
88197336e7fffff,579,579,8,0,54.98271288738746,-1.422770530815715,531.415,"POLYGON ((-1.4215607516693505 54.98705137377578, -1.4287573606556305 54.98591504035031, -1.4299665797542813 54.98157630198274, -1.4239801193960995 54.97837413468705, -1.4167847115733327 54.9795104702103, -1.4155745630768557 54.98384897091083, -1.4215607516693505 54.98705137377578))",0,True,True,False
88197336ebfffff,580,580,8,0,54.9861196324724,-1.4011828721007338,531.415,"POLYGON ((-1.3999714131167578 54.99045736275048, -1.407167777674233 54.98932253493612, -1.408378676763317 54.98498455259256, -1.4023941402766256 54.98178163585783, -1.395198977253826 54.982916466061646, -1.3939871493147244 54.98725421059015, -1.3999714131167578 54.99045736275048))",0,True,True,False
88197336c1fffff,581,581,8,0,54.98952186169864,-1.3795959502747297,531.415,"POLYGON ((-1.3783828119125314 54.99385883560804, -1.3855789300102803 54.99272551304659, -1.3867915086308673 54.98838828698561, -1.3808088975869492 54.98518462142835, -1.3736139813939257 54.98631794667097, -1.3724004744718825 54.99065493476911, -1.3783828119125314 54.99385883560804))",0,True,True,False
881973345bfffff,582,582,8,0,54.98477820497503,-1.4359540506668056,531.415,"POLYGON ((-1.4347452012182738 54.98911692896615, -1.4419425322587354 54.9879798435312, -1.4431508214771565 54.98364086761025, -1.4371627096669182 54.980439214657, -1.4299665797542813 54.98157630198274, -1.4287573606556305 54.98591504035031, -1.4347452012182738 54.98911692896615))",0,True,True,False
88197336e1fffff,583,583,8,0,54.98818720529115,-1.4143642239336442,531.415,"POLYGON ((-1.4131536940997904 54.99252517332012, -1.420350781913046 54.9913895938209, -1.4215607516693505 54.98705137377578, -1.4155745630768557 54.98384897091083, -1.408378676763317 54.98498455259256, -1.407167777674233 54.98932253493612, -1.4131536940997904 54.99252517332012))",0,True,True,False
88197336c5fffff,584,584,8,0,54.99159168877401,-1.3927751304869105,531.415,"POLYGON ((-1.3915629207263498 54.995928900582186, -1.3987597632807305 54.99479482666098, -1.3999714131167578 54.99045736275048, -1.3939871493147244 54.98725421059015, -1.3867915086308673 54.98838828698561, -1.3855789300102803 54.99272551304659, -1.3915629207263498 54.995928900582186))",0,True,True,False
88197336e5fffff,585,585,8,0,54.990253512382814,-1.427547951027783,531.415,"POLYGON ((-1.4263383508267824 54.994591718049236, -1.4335361612773903 54.9934553865993, -1.4347452012182738 54.98911692896615, -1.4287573606556305 54.98591504035031, -1.4215607516693505 54.98705137377578, -1.420350781913046 54.9913895938209, -1.4263383508267824 54.994591718049236))",0,True,True,False
88197336e9fffff,586,586,8,0,54.99366025092023,-1.4059566878137746,531.415,"POLYGON ((-1.4047454071379288 54.99799770051382, -1.4119429735312519 54.99686287496676, -1.4131536940997904 54.99252517332012, -1.407167777674233 54.98932253493612, -1.3999714131167578 54.99045736275048, -1.3987597632807305 54.99479482666098, -1.4047454071379288 54.99799770051382))",0,True,True,False
8819733455fffff,587,587,8,0,54.98890503993255,-1.4623282098293575,531.415,"POLYGON ((-1.4611212212237565 54.99324423878829, -1.4683199945144974 54.992105648537574, -1.4695264225254514 54.98776619785102, -1.4635350082220657 54.98456557472036, -1.4563374359864318 54.98570416644792, -1.4551300771306206 54.99004337980856, -1.4611212212237565 54.99324423878829))",0,True,True,False
8819733459fffff,588,588,8,0,54.99231855310234,-1.4407340526287775,531.415,"POLYGON ((-1.439525382543336 54.99665699629257, -1.4467239150122562 54.99551991262618, -1.447932024655144 54.99118121751863, -1.4419425322587354 54.9879798435312, -1.4347452012182738 54.98911692896615, -1.4335361612773903 54.9934553865993, -1.439525382543336 54.99665699629257))",0,True,True,False
88197336edfffff,589,589,8,0,54.9957275474918,-1.4191406215028,531.415,"POLYGON ((-1.4179302703946741 55.00006523475739, -1.4251285600086656 54.998929657318484, -1.4263383508267824 54.994591718049236, -1.420350781913046 54.9913895938209, -1.4131536940997904 54.99252517332012, -1.4119429735312519 54.99686287496676, -1.4179302703946741 55.00006523475739))",0,True,True,False
8819733409fffff,590,590,8,0,54.99096655601296,-1.4755188476272807,531.415,"POLYGON ((-1.4743127901666242 54.99530599213025, -1.481512283652235 54.99416664907348, -1.482717780336175 54.98982696117493, -1.47672471499303 54.986626853524434, -1.4695264225254514 54.98776619785102, -1.4683199945144974 54.992105648537574, -1.4743127901666242 54.99530599213025))",0,True,True,False
881973345dfffff,591,591,8,0,54.994382326804605,-1.453922527981032,531.415,"POLYGON ((-1.4527147884937517 54.998721007404946, -1.4599140423613755 54.99758317125643, -1.4611212212237565 54.99324423878829, -1.4551300771306206 54.99004337980856, -1.447932024655144 54.99118121751863, -1.4467239150122562 54.99551991262618, -1.4527147884937517 54.998721007404946))",0,True,True,False
8819733633fffff,592,592,8,0,54.99779357784343,-1.43232693080019,531.415,"POLYGON ((-1.431117509742696 55.00213150266747, -1.4383165219584473 55.00099517307081, -1.439525382543336 54.99665699629257, -1.4335361612773903 54.9934553865993, -1.4263383508267824 54.994591718049236, -1.4251285600086656 54.998929657318484, -1.431117509742696 55.00213150266747))",0,True,True,False
8819733617fffff,593,593,8,0,55.00120031019995,-1.410732062184072,531.415,"POLYGON ((-1.4095209600142062 55.00553747898868, -1.4167197285446649 55.00440265558663, -1.4179302703946741 55.00006523475739, -1.4119429735312519 54.99686287496676, -1.4047454071379288 54.99799770051382, -1.4035339356026761 55.00233488368589, -1.4095209600142062 55.00553747898868))",0,True,True,False
881973340dfffff,594,594,8,0,54.99302680363493,-1.4887118565584774,531.415,"POLYGON ((-1.4875067307249545 54.99736647689983, -1.494706943784494 54.996226380771645, -1.4959115086593204 54.99188645577508, -1.4899167924151935 54.988686863983965, -1.482717780336175 54.98982696117493, -1.481512283652235 54.99416664907348, -1.4875067307249545 54.99736647689983))",0,True,True,False
8819733443fffff,595,595,8,0,54.99644483284473,-1.4671133763276631,531.415,"POLYGON ((-1.4659065679210554 55.00078375074142, -1.4731065425671463 54.99964516184521, -1.4743127901666242 54.99530599213025, -1.4683199945144974 54.992105648537574, -1.4611212212237565 54.99324423878829, -1.4599140423613755 54.99758317125643, -1.4659065679210554 55.00078375074142))",0,True,True,False
8819733637fffff,596,596,8,0,54.99985834132988,-1.4455156149507868,531.415,"POLYGON ((-1.4443071244268013 55.00419650359869, -1.4515068586248416 55.00305942157855, -1.4527147884937517 54.998721007404946, -1.4467239150122562 54.99551991262618, -1.439525382543336 54.99665699629257, -1.4383165219584473 55.00099517307081, -1.4443071244268013 55.00419650359869))",0,True,True,False
881973363bfffff,597,597,8,0,55.003267330159495,-1.423918578529465,531.415,"POLYGON ((-1.42270840634514 55.007604736541275, -1.4299078980609472 55.006469161040386, -1.431117509742696 55.00213150266747, -1.4251285600086656 54.998929657318484, -1.4179302703946741 55.00006523475739, -1.4167197285446649 55.00440265558663, -1.42270840634514 55.007604736541275))",0,True,True,False
8819733611fffff,598,598,8,0,55.00667180040541,-1.4023222731639926,531.415,"POLYGON ((-1.4011104197778308 55.01100845064135, -1.4083096669776216 55.00987438130199, -1.4095209600142062 55.00553747898868, -1.4035339356026761 55.00233488368589, -1.396335890876348 55.003468955255066, -1.3951236682198886 55.00780561987664, -1.4011104197778308 55.01100845064135))",0,True,True,False
881973342dfffff,599,599,8,0,54.99166097096892,-1.5235085839508162,531.415,"POLYGON ((-1.5223060737992975 54.996001636226524, -1.5295072409836392 54.99485927885165, -1.5307091898436875 54.990518361998916, -1.524710904487031 54.987320039335, -1.5175109378686213 54.98846239727389, -1.5163080561722848 54.99280307729186, -1.5223060737992975 54.996001636226524))",0,True,True,False
8819733463fffff,600,600,8,0,54.99508578215387,-1.5019072358629957,531.415,"POLYGON ((-1.5007030421387166 54.999425692452384, -1.507903974150643 54.99828484298753, -1.5091076067342981 54.99394468100707, -1.5031112397286643 54.99074560545456, -1.4959115086593204 54.99188645577508, -1.494706943784494 54.996226380771645, -1.5007030421387166 54.999425692452384))",0,True,True,False
8819733447fffff,601,601,8,0,54.998506070577854,-1.480306596910472,531.415,"POLYGON ((-1.4791007200670079 55.00284522565698, -1.4863014148707392 55.001705883747626, -1.4875067307249545 54.99736647689983, -1.481512283652235 54.99416664907348, -1.4743127901666242 54.99530599213025, -1.4731065425671463 54.99964516184521, -1.4791007200670079 55.00284522565698))",0,True,True,False
881973344bfffff,602,602,8,0,55.00192183730601,-1.4587066731982654,531.415,"POLYGON ((-1.457499113690539 55.00626023690591, -1.4646995692507738 55.00512240219657, -1.4659065679210554 55.00078375074142, -1.4599140423613755 54.99758317125643, -1.4527147884937517 54.998721007404946, -1.4515068586248416 55.00305942157855, -1.457499113690539 55.00626023690591))",0,True,True,False
8819733631fffff,603,603,8,0,55.005333083406086,-1.437107470830148,531.415,"POLYGON ((-1.4358982291144906 55.00967072726733, -1.4430984433963174 55.008534399401654, -1.4443071244268013 55.00419650359869, -1.4383165219584473 55.00099517307081, -1.431117509742696 55.00213150266747, -1.4299078980609472 55.006469161040386, -1.4358982291144906 55.00967072726733))",0,True,True,False
8819733615fffff,604,604,8,0,55.00873980994856,-1.4155089959087144,531.415,"POLYGON ((-1.4142980724428444 55.01307669781212, -1.421498043411728 55.01194187643282, -1.42270840634514 55.007604736541275, -1.4167197285446649 55.00440265558663, -1.4095209600142062 55.00553747898868, -1.4083096669776216 55.00987438130199, -1.4142980724428444 55.01307669781212))",0,True,True,False
8819733619fffff,605,605,8,0,55.01214201800652,-1.3939112545352377,531.415,"POLYGON ((-1.3926986497782698 55.016478149613796, -1.3998983754001328 55.01534483436276, -1.4011104197778308 55.01100845064135, -1.3951236682198886 55.00780561987664, -1.3879251454077954 55.00893893744223, -1.386712171475787 55.01327508343738, -1.3926986497782698 55.016478149613796))",0,True,True,False
8819733553fffff,606,606,8,0,54.99371641876145,-1.5367084861063316,531.415,"POLYGON ((-1.5355069090911884 54.99805732078925, -1.54270879339898 54.996914209489766, -1.5439098089411432 54.992573055916615, -1.5379098736247254 54.98937525034254, -1.5307091898436875 54.990518361998916, -1.5295072409836392 54.99485927885165, -1.5355069090911884 54.99805732078925))",0,True,True,False
8819733467fffff,607,607,8,0,54.99714349092539,-1.515104984779566,531.415,"POLYGON ((-1.513901723646598 55.001483638143334, -1.5211033739887148 55.000342035076734, -1.5223060737992975 54.996001636226524, -1.5163080561722848 54.99280307729186, -1.5091076067342981 54.99394468100707, -1.507903974150643 54.99828484298753, -1.513901723646598 55.001483638143334))",0,True,True,False
881973346bfffff,608,608,8,0,55.00056603935926,-1.4935021889700344,531.415,"POLYGON ((-1.4922972441720568 55.004905431506856, -1.499498658512022 55.003765336319, -1.5007030421387166 54.999425692452384, -1.494706943784494 54.996226380771645, -1.4875067307249545 54.99736647689983, -1.4863014148707392 55.001705883747626, -1.4922972441720568 55.004905431506856))",0,True,True,False
8819733441fffff,609,609,8,0,55.00398406512679,-1.471900104784961,531.415,"POLYGON ((-1.4706934767761763 55.00832270194392, -1.47789465307792 55.007184114279816, -1.4791007200670079 55.00284522565698, -1.4731065425671463 54.99964516184521, -1.4659065679210554 55.00078375074142, -1.4646995692507738 55.00512240219657, -1.4706934767761763 55.00832270194392))",0,True,True,False
8819733635fffff,610,610,8,0,55.007397569294376,-1.4502987383303434,531.415,"POLYGON ((-1.4490904275663248 55.011735450521414, -1.4562913637942134 55.01059837002513, -1.457499113690539 55.00626023690591, -1.4515068586248416 55.00305942157855, -1.4443071244268013 55.00419650359869, -1.4430984433963174 55.008534399401654, -1.4490904275663248 55.011735450521414))",0,True,True,False
8819733639fffff,611,611,8,0,55.010806552931136,-1.428698095710949,531.415,"POLYGON ((-1.4274881026486925 55.015143678308796, -1.4346887967674553 55.01400810462354, -1.4358982291144906 55.00967072726733, -1.4299078980609472 55.006469161040386, -1.42270840634514 55.007604736541275, -1.421498043411728 55.01194187643282, -1.4274881026486925 55.015143678308796))",0,True,True,False
881973361dfffff,612,612,8,0,55.01421101710881,-1.4070981830303055,531.415,"POLYGON ((-1.4058865081281964 55.018547386378216, -1.4130869581029917 55.017413319146335, -1.4142980724428444 55.01307669781212, -1.4083096669776216 55.00987438130199, -1.4011104197778308 55.01100845064135, -1.3998983754001328 55.01534483436276, -1.4058865081281964 55.018547386378216))",0,True,True,False
881973355bfffff,613,613,8,0,54.99919992930517,-1.5283051025456702,531.415,"POLYGON ((-1.5271027744859669 55.00354031332835, -1.5343051425355039 55.002397956394944, -1.5355069090911884 54.99805732078925, -1.5295072409836392 54.99485927885165, -1.5223060737992975 54.996001636226524, -1.5211033739887148 55.000342035076734, -1.5271027744859669 55.00354031332835))",0,True,True,False
8819733461fffff,614,614,8,0,55.00262473854432,-1.5067001517456111,531.415,"POLYGON ((-1.505496139475404 55.0069643676463, -1.5126982727295646 55.0058235189147, -1.513901723646598 55.001483638143334, -1.507903974150643 54.99828484298753, -1.5007030421387166 54.999425692452384, -1.499498658512022 55.003765336319, -1.505496139475404 55.0069643676463))",0,True,True,False
8819733445fffff,615,615,8,0,55.00604502414731,-1.4850959089519555,531.415,"POLYGON ((-1.4838902129247094 55.01038389806778, -1.4910921093466816 55.0092445571834, -1.4922972441720568 55.004905431506856, -1.4863014148707392 55.001705883747626, -1.4791007200670079 55.00284522565698, -1.47789465307792 55.007184114279816, -1.4838902129247094 55.01038389806778))",0,True,True,False
8819733449fffff,616,616,8,0,55.00946078717918,-1.4634923802728812,531.415,"POLYGON ((-1.4622850009434265 55.0137989056582, -1.4694866584968453 55.01266107226562, -1.4706934767761763 55.00832270194392, -1.4646995692507738 55.00512240219657, -1.457499113690539 55.00626023690591, -1.4562913637942134 55.01059837002513, -1.4622850009434265 55.0137989056582))",0,True,True,False
881973363dfffff,617,617,8,0,55.012872028707655,-1.441889571815366,531.415,"POLYGON ((-1.4406805096399755 55.01720939148576, -1.4478819262888032 55.01607306522863, -1.4490904275663248 55.011735450521414, -1.4430984433963174 55.008534399401654, -1.4358982291144906 55.00967072726733, -1.4346887967674553 55.01400810462354, -1.4406805096399755 55.01720939148576))",0,True,True,False
8819733603fffff,618,618,8,0,55.01627874980313,-1.4202874896851772,531.415,"POLYGON ((-1.4190767451214787 55.02061535662117, -1.4262779188301486 55.0194805371423, -1.4274881026486925 55.015143678308796, -1.421498043411728 55.01194187643282, -1.4142980724428444 55.01307669781212, -1.4130869581029917 55.017413319146335, -1.4190767451214787 55.02061535662117))",0,True,True,False
8819733551fffff,619,619,8,0,55.00125509664894,-1.5415075883975065,531.415,"POLYGON ((-1.5403061938929257 55.00559571736305, -1.5475092790265599 55.0044526062979, -1.5487101118455593 55.00011173405112, -1.54270879339898 54.996914209489766, -1.5355069090911884 54.99805732078925, -1.5343051425355039 55.002397956394944, -1.5403061938929257 55.00559571736305))",0,True,True,False
8819733465fffff,620,620,8,0,55.00468216748848,-1.5199004844751929,531.415,"POLYGON ((-1.5186974052149724 55.009022033430725, -1.5259002567607192 55.00788043089018, -1.5271027744859669 55.00354031332835, -1.5211033739887148 55.000342035076734, -1.513901723646598 55.001483638143334, -1.5126982727295646 55.0058235189147, -1.5186974052149724 55.009022033430725))",0,True,True,False
8819733469fffff,621,621,8,0,55.00810471372274,-1.4982940849390245,531.415,"POLYGON ((-1.4970893213758352 55.01244382463252, -1.504291937296159 55.01130373026248, -1.505496139475404 55.0069643676463, -1.499498658512022 55.003765336319, -1.4922972441720568 55.004905431506856, -1.4910921093466816 55.0092445571834, -1.4970893213758352 55.01244382463252))",0,True,True,False
881973344dfffff,622,622,8,0,55.01152273641533,-1.476688395899336,531.415,"POLYGON ((-1.4754819484873205 55.015861092032516, -1.4826843267450862 55.014722505478034, -1.4838902129247094 55.01038389806778, -1.47789465307792 55.007184114279816, -1.4706934767761763 55.00832270194392, -1.4694866584968453 55.01266107226562, -1.4754819484873205 55.015861092032516))",0,True,True,False
8819733623fffff,623,623,8,0,55.01493623663267,-1.4550834234653574,531.415,"POLYGON ((-1.453875292659996 55.019273836697494, -1.4610774312184829 55.01813675760266, -1.4622850009434265 55.0137989056582, -1.4562913637942134 55.01059837002513, -1.4490904275663248 55.011735450521414, -1.4478819262888032 55.01607306522863, -1.453875292659996 55.019273836697494))",0,True,True,False
8819733607fffff,624,624,8,0,55.01834521544372,-1.4334791737450223,531.415,"POLYGON ((-1.4322693600032166 55.022682059696905, -1.4394712568261374 55.02154648770492, -1.4406805096399755 55.01720939148576, -1.4346887967674553 55.01400810462354, -1.4274881026486925 55.015143678308796, -1.4262779188301486 55.0194805371423, -1.4322693600032166 55.022682059696905))",0,True,True,False
8819733559fffff,625,625,8,0,55.0067383255474,-1.5331031863955105,531.415,"POLYGON ((-1.5319010406273657 55.01107842821557, -1.5391046098414627 55.00993607160105, -1.5403061938929257 55.00559571736305, -1.5343051425355039 55.002397956394944, -1.5271027744859669 55.00354031332835, -1.5259002567607192 55.00788043089018, -1.5319010406273657 55.01107842821557))",0,True,True,False
881973346dfffff,626,626,8,0,55.010163133208366,-1.5114946319846527,531.415,"POLYGON ((-1.510290801367979 55.01450248099333, -1.5174941361641765 55.01336163287237, -1.5186974052149724 55.009022033430725, -1.5126982727295646 55.0058235189147, -1.505496139475404 55.0069643676463, -1.504291937296159 55.01130373026248, -1.510290801367979 55.01450248099333))",0,True,True,False
8819733713fffff,627,627,8,0,55.01358341635785,-1.489886784450024,531.415,"POLYGON ((-1.4886812694381928 55.0179220089992, -1.4958843677785978 55.0167826690173, -1.4970893213758352 55.01244382463252, -1.4910921093466816 55.0092445571834, -1.4838902129247094 55.01038389806778, -1.4826843267450862 55.014722505478034, -1.4886812694381928 55.0179220089992))",0,True,True,False
8819733627fffff,628,628,8,0,55.01699917606087,-1.468279649903031,531.415,"POLYGON ((-1.467072450950758 55.02133701329865, -1.474275310797912 55.02019918110034, -1.4754819484873205 55.015861092032516, -1.4694866584968453 55.01266107226562, -1.4622850009434265 55.0137989056582, -1.4610774312184829 55.01813675760266, -1.467072450950758 55.02133701329865))",0,True,True,False
881973362bfffff,629,629,8,0,55.02041041338502,-1.4466732344537911,531.415,"POLYGON ((-1.4454643520172956 55.02474749495966, -1.452666971334134 55.02361117018867, -1.453875292659996 55.019273836697494, -1.4478819262888032 55.01607306522863, -1.4406805096399755 55.01720939148576, -1.4394712568261374 55.02154648770492, -1.4454643520172956 55.02474749495966))",0,True,True,False
8819733601fffff,630,630,8,0,55.02381712940069,-1.4250675442113123,531.415,"POLYGON ((-1.4238569787481001 55.02815345505303, -1.4310593554980056 55.0270186373521, -1.4322693600032166 55.022682059696905, -1.4262779188301486 55.0194805371423, -1.4190767451214787 55.02061535662117, -1.417865809676555 55.024951696856064, -1.4238569787481001 55.02815345505303))",0,True,True,False
881973355dfffff,631,631,8,0,55.00879321207671,-1.5463082567419504,531.415,"POLYGON ((-1.5451070449479516 55.01313355135649, -1.5523113312065833 55.011990440403004, -1.5535119811023257 55.00764984960326, -1.5475092790265599 55.0044526062979, -1.5403061938929257 55.00559571736305, -1.5391046098414627 55.00993607160105, -1.5451070449479516 55.01313355135649))",0,True,True,False
8819733733fffff,632,632,8,0,55.01222028195956,-1.5246975493261117,531.415,"POLYGON ((-1.5234946521383064 55.01655986650552, -1.5306987051872591 55.015418264368456, -1.5319010406273657 55.01107842821557, -1.5259002567607192 55.00788043089018, -1.5186974052149724 55.009022033430725, -1.5174941361641765 55.01336163287237, -1.5234946521383064 55.01655986650552))",0,True,True,False
8819733717fffff,633,633,8,0,55.01564282636181,-1.5030875451639885,531.415,"POLYGON ((-1.501882963035019 55.01998165591331, -1.5090867808356931 55.018841562238556, -1.510290801367979 55.01450248099333, -1.504291937296159 55.01130373026248, -1.4970893213758352 55.01244382463252, -1.4958843677785978 55.0167826690173, -1.501882963035019 55.01998165591331))",0,True,True,False
881973371bfffff,634,634,8,0,55.019060846347045,-1.4814782503691706,531.415,"POLYGON ((-1.480271983753053 55.02339892064384, -1.487475564267253 55.022260335076474, -1.4886812694381928 55.0179220089992, -1.4826843267450862 55.014722505478034, -1.4754819484873205 55.015861092032516, -1.474275310797912 55.02019918110034, -1.480271983753053 55.02339892064384))",0,True,True,False
8819733621fffff,635,635,8,0,55.02247434298155,-1.4598696710540724,531.415,"POLYGON ((-1.4586617204062051 55.026811661763865, -1.4658650615961284 55.02567458394798, -1.467072450950758 55.02133701329865, -1.4610774312184829 55.01813675760266, -1.453875292659996 55.019273836697494, -1.452666971334134 55.02361117018867, -1.4586617204062051 55.026811661763865))",0,True,True,False
8819733605fffff,636,636,8,0,55.02588331733425,-1.438261813329814,531.415,"POLYGON ((-1.4370521791070183 55.03021988034273, -1.4442552789352787 55.029084309921565, -1.4454643520172956 55.02474749495966, -1.4394712568261374 55.02154648770492, -1.4322693600032166 55.022682059696905, -1.4310593554980056 55.0270186373521, -1.4370521791070183 55.03021988034273))",0,True,True,False
8819733543fffff,637,637,8,0,55.0108468264322,-1.559515694748699,531.415,"POLYGON ((-1.5583154174107567 55.015187402209136, -1.5655204200895347 55.01404353665187, -1.5667201353477251 55.009702709404856, -1.5607157826961195 55.00650598414151, -1.5535119811023257 55.00764984960326, -1.5523113312065833 55.011990440403004, -1.5583154174107567 55.015187402209136))",0,True,True,False
8819733737fffff,638,638,8,0,55.01427615933186,-1.5379028361993154,531.415,"POLYGON ((-1.5367008729226532 55.01861598052449, -1.5439056436007086 55.01747362410622, -1.5451070449479516 55.01313355135649, -1.5391046098414627 55.00993607160105, -1.5319010406273657 55.01107842821557, -1.5306987051872591 55.015418264368456, -1.5367008729226532 55.01861598052449))",0,True,True,False
881973373bfffff,639,639,8,0,55.01770096578242,-1.5162906772789468,531.415,"POLYGON ((-1.5150870285154343 55.02204003212989, -1.5222915651534503 55.020899184497, -1.5234946521383064 55.01655986650552, -1.5174941361641765 55.01336163287237, -1.510290801367979 55.01450248099333, -1.5090867808356931 55.018841562238556, -1.5150870285154343 55.02204003212989))",0,True,True,False
8819733711fffff,640,640,8,0,55.021121246846114,-1.4946792241033866,531.415,"POLYGON ((-1.4934738903063112 55.025459558087945, -1.5006781908653348 55.02432021888592, -1.501882963035019 55.01998165591331, -1.4958843677785978 55.0167826690173, -1.4886812694381928 55.0179220089992, -1.487475564267253 55.022260335076474, -1.4934738903063112 55.025459558087945))",0,True,True,False
8819733625fffff,641,641,8,0,55.02453700358785,-1.4730684827872038,531.415,"POLYGON ((-1.4718614644112213 55.02887455946402, -1.4790655268527555 55.027736728337445, -1.480271983753053 55.02339892064384, -1.474275310797912 55.02019918110034, -1.467072450950758 55.02133701329865, -1.4658650615961284 55.02567458394798, -1.4718614644112213 55.02887455946402))",0,True,True,False
8819733629fffff,642,642,8,0,55.027948237075165,-1.451458459443807,531.415,"POLYGON ((-1.4502497569449684 55.032285037326076, -1.4574535792308936 55.03114871391871, -1.4586617204062051 55.026811661763865, -1.452666971334134 55.02361117018867, -1.4454643520172956 55.02474749495966, -1.4442552789352787 55.029084309921565, -1.4502497569449684 55.032285037326076))",0,True,True,False
881973360dfffff,643,643,8,0,55.03135494837839,-1.4298491601853036,531.415,"POLYGON ((-1.4286387740210842 55.03569099274482, -1.4358423541136773 55.03455617669941, -1.4370521791070183 55.03021988034273, -1.4310593554980056 55.0270186373521, -1.4238569787481001 55.02815345505303, -1.4226462223964775 55.03248951406835, -1.4286387740210842 55.03569099274482))",0,True,True,False
8819733547fffff,644,644,8,0,55.01289916796983,-1.5727254996486262,531.415,"POLYGON ((-1.5715261572486245 55.01723998012935, -1.578731875722498 55.01609535970351, -1.5799306558613988 55.011754296123826, -1.5739246527770736 55.0085580892818, -1.5667201353477251 55.009702709404856, -1.5655204200895347 55.01404353665187, -1.5715261572486245 55.01723998012935))",0,True,True,False
881973354bfffff,645,645,8,0,55.01633076468085,-1.5511104918389464,531.415,"POLYGON ((-1.5499094629556283 55.02067082240575, -1.5571149506384874 55.01952771144129, -1.5583154174107567 55.015187402209136, -1.5523113312065833 55.011990440403004, -1.5451070449479516 55.01313355135649, -1.5439056436007086 55.01747362410622, -1.5499094629556283 55.02067082240575))",0,True,True,False
8819733731fffff,646,646,8,0,55.01975783397496,-1.5294961800313638,531.415,"POLYGON ((-1.5282934651158517 55.02409713700416, -1.5354987199676515 55.022955535147894, -1.5367008729226532 55.01861598052449, -1.5306987051872591 55.015418264368456, -1.5234946521383064 55.01655986650552, -1.5222915651534503 55.020899184497, -1.5282934651158517 55.02409713700416))",0,True,True,False
8819733715fffff,647,647,8,0,55.02318037691305,-1.5078825703438774,531.415,"POLYGON ((-1.5066781698486857 55.02751892498584, -1.513883189829773 55.02637883188373, -1.5150870285154343 55.02204003212989, -1.5090867808356931 55.018841562238556, -1.501882963035019 55.01998165591331, -1.5006781908653348 55.02432021888592, -1.5066781698486857 55.02751892498584))",0,True,True,False
8819733719fffff,648,648,8,0,55.02659839455864,-1.4862696688932744,531.415,"POLYGON ((-1.485063583272326 55.03093618741473, -1.492268366343406 55.02979760271183, -1.4934738903063112 55.025459558087945, -1.487475564267253 55.022260335076474, -1.480271983753053 55.02339892064384, -1.4790655268527555 55.027736728337445, -1.485063583272326 55.03093618741473))",0,True,True,False
881973362dfffff,649,649,8,0,55.03001188797791,-1.4646574817951166,531.415,"POLYGON ((-1.4634497115037455 55.03434892535744, -1.4706542556259816 55.033211848697945, -1.4718614644112213 55.02887455946402, -1.4658650615961284 55.02567458394798, -1.4586617204062051 55.026811661763865, -1.4574535792308936 55.03114871391871, -1.4634497115037455 55.03434892535744))",0,True,True,False
8819733663fffff,650,650,8,0,55.03342085823975,-1.4430460151637734,531.415,"POLYGON ((-1.4418365606586807 55.037757139883325, -1.4490408637936207 55.03662157091046, -1.4502497569449684 55.032285037326076, -1.4442552789352787 55.029084309921565, -1.4370521791070183 55.03021988034273, -1.4358423541136773 55.03455617669941, -1.4418365606586807 55.037757139883325))",0,True,True,False
881973356bfffff,651,651,8,0,55.014950236045536,-1.585937670673301,531.415,"POLYGON ((-1.5847392636930246 55.01929128447302, -1.5919456973363804 55.01814590891395, -1.5931435418742936 55.01380460911633, -1.587135888501151 55.01060892107482, -1.5799306558613988 55.011754296123826, -1.578731875722498 55.01609535970351, -1.5847392636930246 55.01929128447302))",0,True,True,False
8819733541fffff,652,652,8,0,55.01838409736223,-1.5643205154783777,531.415,"POLYGON ((-1.5631204214705106 55.02272439150491, -1.5703266255333002 55.021580525729355, -1.5715261572486245 55.01723998012935, -1.5655204200895347 55.01404353665187, -1.5583154174107567 55.015187402209136, -1.5571149506384874 55.01952771144129, -1.5631204214705106 55.02272439150491))",0,True,True,False
8819733735fffff,653,653,8,0,55.021813430294856,-1.5427040526564544,531.415,"POLYGON ((-1.5415022720713438 55.02615296989142, -1.5487082445127864 55.025010613546705, -1.5499094629556283 55.02067082240575, -1.5439056436007086 55.01747362410622, -1.5367008729226532 55.01861598052449, -1.5354987199676515 55.022955535147894, -1.5415022720713438 55.02615296989142))",0,True,True,False
8819733739fffff,654,654,8,0,55.02523823590299,-1.52108828832768,531.415,"POLYGON ((-1.5198848216171381 55.02957702069249, -1.527090560396829 55.028436173425, -1.5282934651158517 55.02409713700416, -1.5222915651534503 55.020899184497, -1.5150870285154343 55.02204003212989, -1.513883189829773 55.02637883188373, -1.5198848216171381 55.02957702069249))",0,True,True,False
881973371dfffff,655,655,8,0,55.0286585152487,-1.4994732286110548,531.415,"POLYGON ((-1.4982680762282314 55.032996544970665, -1.5054735793061842 55.03185720642589, -1.5066781698486857 55.02751892498584, -1.5006781908653348 55.02432021888592, -1.4934738903063112 55.025459558087945, -1.492268366343406 55.02979760271183, -1.4982680762282314 55.032996544970665))",0,True,True,False
8819733753fffff,656,656,8,0,55.03207426939691,-1.477858879624341,531.415,"POLYGON ((-1.4766520420238427 55.036411543791225, -1.4838573073604504 55.03527371361378, -1.485063583272326 55.03093618741473, -1.4790655268527555 55.027736728337445, -1.4718614644112213 55.02887455946402, -1.4706542556259816 55.033211848697945, -1.4766520420238427 55.036411543791225))",0,True,True,False
8819733667fffff,657,657,8,0,55.03548549941506,-1.45624524748413,531.415,"POLYGON ((-1.4550367251219094 55.039822018222054, -1.4622417506780014 55.03868569605571, -1.4634497115037455 55.03434892535744, -1.4574535792308936 55.03114871391871, -1.4502497569449684 55.032285037326076, -1.4490408637936207 55.03662157091046, -1.4550367251219094 55.039822018222054))",0,True,True,False
881973366bfffff,658,658,8,0,55.03889220637341,-1.4346323383057509,531.415,"POLYGON ((-1.433422131639164 55.0432279693338, -1.4406269153759625 55.042093154821366, -1.4418365606586807 55.037757139883325, -1.4358423541136773 55.03455617669941, -1.4286387740210842 55.03569099274482, -1.4274281969612652 55.04002677042049, -1.433422131639164 55.0432279693338))",0,True,True,False
8819733545fffff,659,659,8,0,55.02043615673179,-1.5775329063497343,531.415,"POLYGON ((-1.5763337476993153 55.02477668717767, -1.5835406675165629 55.02363206632627, -1.5847392636930246 55.01929128447302, -1.578731875722498 55.01609535970351, -1.5715261572486245 55.01723998012935, -1.5703266255333002 55.021580525729355, -1.5763337476993153 55.02477668717767))",0,True,True,False
8819733549fffff,660,660,8,0,55.02386775409763,-1.555914294388078,531.415,"POLYGON ((-1.5547134486157432 55.02820753014714, -1.5619201380220846 55.02706441904891, -1.5631204214705106 55.02272439150491, -1.5571149506384874 55.01952771144129, -1.5499094629556283 55.02067082240575, -1.5487082445127864 55.025010613546705, -1.5547134486157432 55.02820753014714))",0,True,True,False
881973373dfffff,661,661,8,0,55.0272948231711,-1.534296377290452,531.415,"POLYGON ((-1.5330938448472227 55.03163384456307, -1.5403003018015429 55.030492242864916, -1.5415022720713438 55.02615296989142, -1.5354987199676515 55.022955535147894, -1.5282934651158517 55.02409713700416, -1.527090560396829 55.028436173425, -1.5330938448472227 55.03163384456307))",0,True,True,False
8819733703fffff,662,662,8,0,55.03071736501298,-1.512679161178032,531.415,"POLYGON ((-1.5114749425163443 55.0350556314867, -1.5186811649779064 55.03391553883456, -1.5198848216171381 55.02957702069249, -1.513883189829773 55.02637883188373, -1.5066781698486857 55.02751892498584, -1.5054735793061842 55.03185720642589, -1.5114749425163443 55.0350556314867))",0,True,True,False
8819733757fffff,663,663,8,0,55.034135380686784,-1.4910626521707917,531.415,"POLYGON ((-1.489856747744463 55.038472891981876, -1.497062733672939 55.03733430802087, -1.4982680762282314 55.032996544970665, -1.492268366343406 55.02979760271183, -1.485063583272326 55.03093618741473, -1.4838573073604504 55.03527371361378, -1.489856747744463 55.038472891981876))",0,True,True,False
881973375bfffff,664,664,8,0,55.03754887125864,-1.4694468563874985,531.415,"POLYGON ((-1.4682392666517756 55.04188562711522, -1.475445014007245 55.04074855148948, -1.4766520420238427 55.036411543791225, -1.4706542556259816 55.033211848697945, -1.4634497115037455 55.03434892535744, -1.4622417506780014 55.03868569605571, -1.4682392666517756 55.04188562711522))",0,True,True,False
8819733661fffff,665,665,8,0,55.040957837797365,-1.4478317799457163,531.415,"POLYGON ((-1.4466225053572246 55.045293837955896, -1.4538280121001796 55.04415827030873, -1.4550367251219094 55.039822018222054, -1.4490408637936207 55.03662157091046, -1.4418365606586807 55.037757139883325, -1.4406269153759625 55.042093154821366, -1.4466225053572246 55.045293837955896))",0,True,True,False
881973354dfffff,666,666,8,0,55.02592080473883,-1.5691269044588787,531.415,"POLYGON ((-1.5679269939815743 55.030260817126766, -1.5751343997274798 55.029116951010174, -1.5763337476993153 55.02477668717767, -1.5703266255333002 55.021580525729355, -1.5631204214705106 55.02272439150491, -1.5619201380220846 55.02706441904891, -1.5679269939815743 55.030260817126766))",0,True,True,False
8819733723fffff,667,667,8,0,55.02935013807272,-1.5475068364666282,531.415,"POLYGON ((-1.5463052387733094 55.03368939595278, -1.5535124132776437 55.03254703955884, -1.5547134486157432 55.02820753014714, -1.5487082445127864 55.025010613546705, -1.5415022720713438 55.02615296989142, -1.5403003018015429 55.030492242864916, -1.5463052387733094 55.03368939595278))",0,True,True,False
8819733707fffff,668,668,8,0,55.03277494320649,-1.52588746583044,531.415,"POLYGON ((-1.524684181372791 55.037113446317704, -1.5318911225940783 55.03597259929286, -1.5330938448472227 55.03163384456307, -1.527090560396829 55.028436173425, -1.5198848216171381 55.02957702069249, -1.5186811649779064 55.03391553883456, -1.524684181372791 55.037113446317704))",0,True,True,False
881973370bfffff,669,669,8,0,55.03619522120231,-1.504268798672466,531.415,"POLYGON ((-1.5030638279035744 55.040532969284115, -1.5102705338007618 55.03939363127389, -1.5114749425163443 55.0350556314867, -1.5054735793061842 55.03185720642589, -1.4982680762282314 55.032996544970665, -1.497062733672939 55.03733430802087, -1.5030638279035744 55.040532969284115))",0,True,True,False
8819733751fffff,670,670,8,0,55.03961097312491,-1.4826508411136785,531.415,"POLYGON ((-1.4814441844880342 55.04394796591713, -1.4886506530204862 55.042810136566175, -1.489856747744463 55.038472891981876, -1.4838573073604504 55.03527371361378, -1.4766520420238427 55.036411543791225, -1.475445014007245 55.04074855148948, -1.4814441844880342 55.04394796591713))",0,True,True,False
8819733665fffff,671,671,8,0,55.04302220004176,-1.46103359927388,531.415,"POLYGON ((-1.4598252572473538 55.047358437284636, -1.4670314863748002 55.046222116236734, -1.4682392666517756 55.04188562711522, -1.4622417506780014 55.03868569605571, -1.4550367251219094 55.039822018222054, -1.4538280121001796 55.04415827030873, -1.4598252572473538 55.047358437284636))",0,True,True,False
8819733669fffff,672,672,8,0,55.04642890302295,-1.4394170792715906,531.415,"POLYGON ((-1.4382070523014703 55.050764384457196, -1.44541303998407 55.04962957135517, -1.4466225053572246 55.045293837955896, -1.4406269153759625 55.042093154821366, -1.433422131639164 55.0432279693338, -1.4322117340698701 55.04756346554965, -1.4382070523014703 55.050764384457196))",0,True,True,False
8819733727fffff,673,673,8,0,55.031404179963246,-1.5607196650893391,531.415,"POLYGON ((-1.5595190026284362 55.035743674216924, -1.5667268940575847 55.03460056286217, -1.5679269939815743 55.030260817126766, -1.5619201380220846 55.02706441904891, -1.5547134486157432 55.02820753014714, -1.5535124132776437 55.03254703955884, -1.5595190026284362 55.035743674216924))",0,True,True,False
881973372bfffff,674,674,8,0,55.03483124918434,-1.5390981418031953,531.415,"POLYGON ((-1.5378957920324277 55.039169988818735, -1.5451034513889885 55.03802838715594, -1.5463052387733094 55.03368939595278, -1.5403003018015429 55.030492242864916, -1.5330938448472227 55.03163384456307, -1.5318911225940783 55.03597259929286, -1.5378957920324277 55.039169988818735))",0,True,True,False
8819733701fffff,675,675,8,0,55.03825379029824,-1.5174773183660928,531.415,"POLYGON ((-1.516273281737796 55.04259177505256, -1.523480706979998 55.04145168272768, -1.524684181372791 55.037113446317704, -1.5186811649779064 55.03391553883456, -1.5114749425163443 55.0350556314867, -1.5102705338007618 55.03939363127389, -1.516273281737796 55.04259177505256))",0,True,True,False
8819733755fffff,676,676,8,0,55.04167180436836,-1.4958572009012236,531.415,"POLYGON ((-1.4946514778691418 55.04600903398221, -1.5018586669555787 55.04487045064037, -1.5030638279035744 55.040532969284115, -1.497062733672939 55.03733430802087, -1.489856747744463 55.038472891981876, -1.4886506530204862 55.042810136566175, -1.4946514778691418 55.04600903398221))",0,True,True,False
8819733759fffff,677,677,8,0,55.04508529246077,-1.4742377955305703,531.415,"POLYGON ((-1.4730303865498138 55.049421766674186, -1.4802373374395092 55.04828469195956, -1.4814441844880342 55.04394796591713, -1.475445014007245 55.04074855148948, -1.4682392666517756 55.04188562711522, -1.4670314863748002 55.046222116236734, -1.4730303865498138 55.049421766674186))",0,True,True,False
881973366dfffff,678,678,8,0,55.04849425564423,-1.452619108374891,531.415,"POLYGON ((-1.451410013902019 55.052829974197614, -1.4586167245543797 55.051694407753516, -1.4598252572473538 55.047358437284636, -1.4538280121001796 55.04415827030873, -1.4466225053572246 55.045293837955896, -1.44541303998407 55.04962957135517, -1.451410013902019 55.052829974197614))",0,True,True,False
881973309bfffff,679,679,8,0,55.03345694819824,-1.573934862390432,531.415,"POLYGON ((-1.5727351356443842 55.037796678710954, -1.579943743372517 55.03665281213044, -1.581142907400087 55.032312830185965, -1.5751343997274798 55.029116951010174, -1.5679269939815743 55.030260817126766, -1.5667268940575847 55.03460056286217, -1.5727351356443842 55.037796678710954))",0,True,True,False
8819733721fffff,680,680,8,0,55.036886282301744,-1.5523111883299496,531.415,"POLYGON ((-1.5511097737288195 55.041225258344916, -1.5583181505955654 55.040082901778966, -1.5595190026284362 55.035743674216924, -1.5535124132776437 55.03254703955884, -1.5463052387733094 55.03368939595278, -1.5451034513889885 55.03802838715594, -1.5511097737288195 55.041225258344916))",0,True,True,False
8819733705fffff,681,681,8,0,55.04031108732953,-1.5306882104871478,531.415,"POLYGON ((-1.5294851084825183 55.04464930864213, -1.5366932524453727 55.043508461737176, -1.5378957920324277 55.039169988818735, -1.5318911225940783 55.03597259929286, -1.524684181372791 55.037113446317704, -1.523480706979998 55.04145168272768, -1.5294851084825183 55.04464930864213))",0,True,True,False
8819733709fffff,682,682,8,0,55.04373136434364,-1.509065934987385,531.415,"POLYGON ((-1.5078611460322582 55.04806883066502, -1.5150690550490786 55.04692949306662, -1.516273281737796 55.04259177505256, -1.5102705338007618 55.03939363127389, -1.5030638279035744 55.040532969284115, -1.5018586669555787 55.04487045064037, -1.5078611460322582 55.04806883066502))",0,True,True,False
881973375dfffff,683,683,8,0,55.047147114408745,-1.4874443679548766,531.415,"POLYGON ((-1.486237892503617 55.051483825478705, -1.4934455645326898 55.05034599683155, -1.4946514778691418 55.04600903398221, -1.4886506530204862 55.042810136566175, -1.4814441844880342 55.04394796591713, -1.4802373374395092 55.04828469195956, -1.486237892503617 55.051483825478705))",0,True,True,False
881973adb3fffff,684,684,8,0,55.0505583385923,-1.465823515512542,531.415,"POLYGON ((-1.4646153540209652 55.054894294151005, -1.4718227870209568 55.05375797409881, -1.4730303865498138 55.049421766674186, -1.4670314863748002 55.046222116236734, -1.4598252572473538 55.047358437284636, -1.4586167245543797 55.051694407753516, -1.4646153540209652 55.054894294151005))",0,True,True,False
881973ad97fffff,685,685,8,0,55.053965037964254,-1.444203383782159,531.415,"POLYGON ((-1.442993536707439 55.05830023775235, -1.4502007286374512 55.05716542593804, -1.451410013902019 55.052829974197614, -1.44541303998407 55.04962957135517, -1.4382070523014703 55.050764384457196, -1.4369968344214845 55.055099599093246, -1.442993536707439 55.05830023775235))",0,True,True,False
8819733725fffff,686,686,8,0,55.03894004191405,-1.5655266046430796,531.415,"POLYGON ((-1.564326125694251 55.04327925425147, -1.571535219445519 55.04213614251733, -1.5727351356443842 55.037796678710954, -1.5667268940575847 55.03460056286217, -1.5595190026284362 55.035743674216924, -1.5583181505955654 55.040082901778966, -1.564326125694251 55.04327925425147))",0,True,True,False
8819733729fffff,687,687,8,0,55.04236711165122,-1.543901474269766,531.415,"POLYGON ((-1.5426993073718047 55.04670556940769, -1.5499081694303753 55.045563967657415, -1.5511097737288195 55.041225258344916, -1.5451034513889885 55.03802838715594, -1.5378957920324277 55.039169988818735, -1.5366932524453727 55.043508461737176, -1.5426993073718047 55.04670556940769))",0,True,True,False
881973370dfffff,688,688,8,0,55.04578965240548,-1.5222770426081162,531.415,"POLYGON ((-1.521073188213268 55.050127355320164, -1.528281816536279 55.0489872631997, -1.5294851084825183 55.04464930864213, -1.523480706979998 55.04145168272768, -1.516273281737796 55.04259177505256, -1.5150690550490786 55.04692949306662, -1.521073188213268 55.050127355320164))",0,True,True,False
8819733743fffff,689,689,8,0,55.04920766524016,-1.5006533157845112,531.415,"POLYGON ((-1.4994477743463923 55.05354461305258, -1.5066561668913938 55.05240603020711, -1.5078611460322582 55.04806883066502, -1.5018586669555787 55.04487045064037, -1.4946514778691418 55.04600903398221, -1.4934455645326898 55.05034599683155, -1.4994477743463923 55.05354461305258))",0,True,True,False
881973adb7fffff,690,690,8,0,55.05262115122128,-1.4790302999241058,531.415,"POLYGON ((-1.4778230718977818 55.0569573436714, -1.485031226622717 55.055820269745155, -1.486237892503617 55.051483825478705, -1.4802373374395092 55.04828469195956, -1.4730303865498138 55.049421766674186, -1.4718227870209568 55.05375797409881, -1.4778230718977818 55.0569573436714))",0,True,True,False
881973adbbfffff,691,691,8,0,55.05603011141751,-1.45740800115086,531.415,"POLYGON ((-1.4561990869927988 55.06036554824573, -1.463407001855996 55.05922998288203, -1.4646153540209652 55.054894294151005, -1.4586167245543797 55.051694407753516, -1.451410013902019 55.052829974197614, -1.4502007286374512 55.05716542593804, -1.4561990869927988 55.06036554824573))",0,True,True,False
8819733099fffff,692,692,8,0,55.04099252737669,-1.5787443899736595,531.415,"POLYGON ((-1.5775448471597064 55.045331975893774, -1.584754657169237 55.04418810872644, -1.5859536370516187 55.03984840879043, -1.579943743372517 55.03665281213044, -1.5727351356443842 55.037796678710954, -1.571535219445519 55.04213614251733, -1.5775448471597064 55.045331975893774))",0,True,True,False
881973372dfffff,693,693,8,0,55.04442186261841,-1.557117108946855,531.415,"POLYGON ((-1.5559158776384656 55.048760556704345, -1.5631254571672397 55.047618199843484, -1.564326125694251 55.04327925425147, -1.5583181505955654 55.040082901778966, -1.5511097737288195 55.041225258344916, -1.5499081694303753 55.045563967657415, -1.5559158776384656 55.048760556704345))",0,True,True,False
8819733763fffff,694,694,8,0,55.0478466679087,-1.5354905229981233,531.415,"POLYGON ((-1.5342876036467725 55.052184607302394, -1.5414969506511786 55.051043760394464, -1.5426993073718047 55.04670556940769, -1.5366932524453727 55.043508461737176, -1.5294851084825183 55.04464930864213, -1.528281816536279 55.0489872631997, -1.5342876036467725 55.052184607302394))",0,True,True,False
8819733747fffff,695,695,8,0,55.05126694430948,-1.5138646382560004,531.415,"POLYGON ((-1.5126600313145908 55.05560412875025, -1.519869143751469 55.05446479144085, -1.521073188213268 55.050127355320164, -1.5150690550490786 55.04692949306662, -1.5078611460322582 55.04806883066502, -1.5066561668913938 55.05240603020711, -1.5126600313145908 55.05560412875025))",0,True,True,False
881973374bfffff,696,696,8,0,55.05468269288541,-1.4922394608478855,531.415,"POLYGON ((-1.4910331667707133 55.05901912211298, -1.4982420425972698 55.05788129404677, -1.4994477743463923 55.05354461305258, -1.4934455645326898 55.05034599683155, -1.486237892503617 55.051483825478705, -1.485031226622717 55.055820269745155, -1.4910331667707133 55.05901912211298))",0,True,True,False
881973adb1fffff,697,697,8,0,55.05809391470381,-1.470614996899929,531.415,"POLYGON ((-1.4694070161427115 55.0624295884583, -1.4766156533165387 55.06129326927909, -1.4778230718977818 55.0569573436714, -1.4718227870209568 55.05375797409881, -1.4646153540209652 55.054894294151005, -1.463407001855996 55.05922998288203, -1.4694070161427115 55.0624295884583))",0,True,True,False
881973ad95fffff,698,698,8,0,55.06150061083466,-1.448991252537125,531.415,"POLYGON ((-1.4477815855569445 55.06583552885662, -1.4549899820360586 55.064700718207305, -1.4561990869927988 55.06036554824573, -1.4502007286374512 55.05716542593804, -1.442993536707439 55.05830023775235, -1.4417834987157894 55.06263517068859, -1.4477815855569445 55.06583552885662))",0,True,True,False
88197330d3fffff,699,699,8,0,55.04647533958637,-1.570335113750008,531.415,"POLYGON ((-1.569134818514023 55.05081426988721, -1.5763451148868581 55.0496711576507, -1.5775448471597064 55.045331975893774, -1.571535219445519 55.04213614251733, -1.564326125694251 55.04327925425147, -1.5631254571672397 55.047618199843484, -1.569134818514023 55.05081426988721))",0,True,True,False
8819733767fffff,700,700,8,0,55.04990241020823,-1.5487063753907735,531.415,"POLYGON ((-1.547504391566092 55.054240585966525, -1.5547144566265212 55.053098984005835, -1.5559158776384656 55.048760556704345, -1.5499081694303753 55.045563967657415, -1.5426993073718047 55.04670556940769, -1.5414969506511786 55.051043760394464, -1.547504391566092 55.054240585966525))",0,True,True,False
881973376bfffff,701,701,8,0,55.05332495097139,-1.5270783346045276,531.415,"POLYGON ((-1.525874662643319 55.05766237192621, -1.5330844943474025 55.05652227988737, -1.5342876036467725 55.052184607302394, -1.528281816536279 55.0489872631997, -1.521073188213268 55.050127355320164, -1.519869143751469 55.05446479144085, -1.525874662643319 55.05766237192621))",0,True,True,False
8819733741fffff,702,702,8,0,55.05674296293905,-1.505450997520858,531.415,"POLYGON ((-1.5042456378766735 55.06107962882993, -1.511455234180913 55.05994104635804, -1.5126600313145908 55.05560412875025, -1.5066561668913938 55.05240603020711, -1.4994477743463923 55.05354461305258, -1.4982420425972698 55.05788129404677, -1.5042456378766735 55.06107962882993))",0,True,True,False
881973adb5fffff,703,703,8,0,55.0601564471772,-1.4838243702681704,531.415,"POLYGON ((-1.4826173233959412 55.064492357743994, -1.4898266822571853 55.06335528448336, -1.4910331667707133 55.05901912211298, -1.485031226622717 55.055820269745155, -1.4778230718977818 55.0569573436714, -1.4766156533165387 55.06129326927909, -1.4826173233959412 55.064492357743994))",0,True,True,False
881973adb9fffff,704,704,8,0,55.06356540475446,-1.4621984589736023,531.415,"POLYGON ((-1.460989725329682 55.06790055973751, -1.4681988447052219 55.066764995331425, -1.4694070161427115 55.0624295884583, -1.463407001855996 55.05922998288203, -1.4561990869927988 55.06036554824573, -1.4549899820360586 55.064700718207305, -1.460989725329682 55.06790055973751))",0,True,True,False
8819733083fffff,705,705,8,0,55.04509367327527,-1.605187064605081,531.415,"POLYGON ((-1.6039893955083142 55.049433593807414, -1.6112006361531437 55.04828821497928, -1.612397741955458 55.0439480431283, -1.6063845445256433 55.04075348598453, -1.5991745060793516 55.04189886381094, -1.5979764629958317 55.04623879976187, -1.6039893955083142 55.049433593807414))",0,True,True,False
88197330d7fffff,706,706,8,0,55.04852754191044,-1.583555487909542,531.415,"POLYGON ((-1.5823561292286938 55.052866708311505, -1.5895671418188406 55.0517228404344, -1.590765937354939 55.04738342262721, -1.584754657169237 55.04418810872644, -1.5775448471597064 55.045331975893774, -1.5763451148868581 55.0496711576507, -1.5823561292286938 55.052866708311505))",0,True,True,False
88197330dbfffff,707,707,8,0,55.05195687865916,-1.561924599018193,531.415,"POLYGON ((-1.5607235512032478 55.05629529066756, -1.5679343336936915 55.055152933388875, -1.569134818514023 55.05081426988721, -1.5631254571672397 55.047618199843484, -1.5559158776384656 55.048760556704345, -1.5547144566265212 55.053098984005835, -1.5607235512032478 55.05629529066756))",0,True,True,False
8819733761fffff,708,708,8,0,55.0553816845806,-1.5402944040640258,531.415,"POLYGON ((-1.539091667566404 55.059719341935185, -1.5463022179124442 55.0585784949014, -1.547504391566092 55.054240585966525, -1.5414969506511786 55.051043760394464, -1.5342876036467725 55.052184607302394, -1.5330844943474025 55.05652227988737, -1.539091667566404 55.059719341935185))",0,True,True,False
8819733745fffff,709,709,8,0,55.05880196073664,-1.5186649091787907,531.415,"POLYGON ((-1.5174604844512654 55.06313886317664, -1.5246708006086906 55.061999526033375, -1.525874662643319 55.05766237192621, -1.519869143751469 55.05446479144085, -1.5126600313145908 55.05560412875025, -1.511455234180913 55.05994104635804, -1.5174604844512654 55.06313886317664))",0,True,True,False
8819733749fffff,710,710,8,0,55.06221770819185,-1.497036120493108,531.415,"POLYGON ((-1.4958300079898765 55.06655385545695, -1.5030400879148014 55.06541602784889, -1.5042456378766735 55.06107962882993, -1.4982420425972698 55.05788129404677, -1.4910331667707133 55.05901912211298, -1.4898266822571853 55.06335528448336, -1.4958300079898765 55.06655385545695))",0,True,True,False
881973adbdfffff,711,711,8,0,55.0656289280135,-1.4754080441362958,531.415,"POLYGON ((-1.4742002443130031 55.06996431984373, -1.4814100859619737 55.068828001414744, -1.4826173233959412 55.064492357743994, -1.4766156533165387 55.06129326927909, -1.4694070161427115 55.0624295884583, -1.4681988447052219 55.066764995331425, -1.4742002443130031 55.06996431984373))",0,True,True,False
881973ad83fffff,712,712,8,0,55.06903562127147,-1.4537806862365563,531.415,"POLYGON ((-1.452571199550187 55.073370257407376, -1.4597808008801378 55.07223544780033, -1.460989725329682 55.06790055973751, -1.4549899820360586 55.064700718207305, -1.4477815855569445 55.06583552885662, -1.4465717276527679 55.0701701799731, -1.452571199550187 55.073370257407376))",0,True,True,False
8819733087fffff,713,713,8,0,55.0471423324226,-1.6184119523616587,531.415,"POLYGON ((-1.6172152208470314 55.051482488790015, -1.6244271758676916 55.050336353734444, -1.6256233439066057 55.04599594609833, -1.6196084948197416 55.04280190928191, -1.612397741955458 55.0439480431283, -1.6112006361531437 55.04828821497928, -1.6172152208470314 55.051482488790015))",0,True,True,False
881973308bfffff,714,714,8,0,55.05057846894608,-1.5967782306544638,531.415,"POLYGON ((-1.5955798090114237 55.054917871332655, -1.6027915371915507 55.05377324755005, -1.6039893955083142 55.049433593807414, -1.5979764629958317 55.04623879976187, -1.590765937354939 55.04738342262721, -1.5895671418188406 55.0517228404344, -1.5955798090114237 55.054917871332655))",0,True,True,False
88197330d1fffff,715,715,8,0,55.05401007261659,-1.5751451931112352,531.415,"POLYGON ((-1.5739450817890093 55.05834872076053, -1.5811565810828525 55.05720560789873, -1.5823561292286938 55.052866708311505, -1.5763451148868581 55.0496711576507, -1.569134818514023 55.05081426988721, -1.5679343336936915 55.055152933388875, -1.5739450817890093 55.05834872076053))",0,True,True,False
8819733765fffff,716,716,8,0,55.05743714449196,-1.5535128458671146,531.415,"POLYGON ((-1.5523110453163853 55.061775038131834, -1.5595223136785328 55.06063343583782, -1.5607235512032478 55.05629529066756, -1.5547144566265212 55.053098984005835, -1.547504391566092 55.054240585966525, -1.5463022179124442 55.0585784949014, -1.5523110453163853 55.061775038131834))",0,True,True,False
8819733769fffff,717,717,8,0,55.06085968563272,-1.5318811950560949,531.415,"POLYGON ((-1.5306777057288805 55.06519682450754, -1.5378887411143625 55.06405673242733, -1.539091667566404 55.059719341935185, -1.5330844943474025 55.05652227988737, -1.525874662643319 55.05766237192621, -1.5246708006086906 55.061999526033375, -1.5306777057288805 55.06519682450754))",0,True,True,False
881973ada3fffff,718,718,8,0,55.0676911799657,-1.4886200072632525,531.415,"POLYGON ((-1.4874131417448968 55.072026808529145, -1.494623705043611 55.070889735811214, -1.4958300079898765 55.06655385545695, -1.4898266822571853 55.06335528448336, -1.4826173233959412 55.064492357743994, -1.4814100859619737 55.068828001414744, -1.4874131417448968 55.072026808529145))",0,True,True,False
881973ad87fffff,719,719,8,0,55.071100135292376,-1.4669904825434024,531.415,"POLYGON ((-1.4657819296131362 55.075435008310315, -1.4729922538025908 55.07429944473901, -1.4742002443130031 55.06996431984373, -1.4681988447052219 55.066764995331425, -1.460989725329682 55.06790055973751, -1.4597808008801378 55.07223544780033, -1.4657819296131362 55.075435008310315))",0,True,True,False
8819733081fffff,720,720,8,0,55.05262812004887,-1.6100033412125467,531.415,"POLYGON ((-1.6088058570898522 55.05696775830608, -1.6160183002320592 55.05582237835318, -1.6172152208470314 55.051482488790015, -1.6112006361531437 55.04828821497928, -1.6039893955083142 55.049433593807414, -1.6027915371915507 55.05377324755005, -1.6088058570898522 55.05696775830608))",0,True,True,False
88197330d5fffff,721,721,8,0,55.05606199143584,-1.5883681568994084,531.415,"POLYGON ((-1.5871689825528208 55.06040087560059, -1.59438119802286 55.05925700689067, -1.5955798090114237 55.054917871332655, -1.5895671418188406 55.0517228404344, -1.5823561292286938 55.052866708311505, -1.5811565810828525 55.05720560789873, -1.5871689825528208 55.06040087560059))",0,True,True,False
881973376dfffff,722,722,8,0,55.0629161369819,-1.5450998543859271,531.415,"POLYGON ((-1.5438973009425936 55.06725351217721, -1.5511090549303888 55.066112664894604, -1.5523110453163853 55.061775038131834, -1.5463022179124442 55.0585784949014, -1.539091667566404 55.059719341935185, -1.5378887411143625 55.06405673242733, -1.5438973009425936 55.06725351217721))",0,True,True,False
881973adabfffff,723,723,8,0,55.07316337815853,-1.480202657922187,531.415,"POLYGON ((-1.4789950392325517 55.0774984879446, -1.4862060856580044 55.07636217014294, -1.4874131417448968 55.072026808529145, -1.4814100859619737 55.068828001414744, -1.4742002443130031 55.06996431984373, -1.4729922538025908 55.07429944473901, -1.4789950392325517 55.0774984879446))",0,True,True,False
881973ad81fffff,724,724,8,0,55.0765700689121,-1.4585716855808764,531.415,"POLYGON ((-1.4573623793877781 55.080904423042035, -1.4645731858703326 55.07976961435443, -1.4657819296131362 55.075435008310315, -1.4597808008801378 55.07223544780033, -1.452571199550187 55.073370257407376, -1.4513615219328213 55.07770462658418, -1.4573623793877781 55.080904423042035))",0,True,True,False
8819733085fffff,725,725,8,0,55.05467649457442,-1.6232308188102136,531.415,"POLYGON ((-1.6220342726903856 55.05901636858739, -1.6292474301661075 55.05787023219953, -1.63044341259691 55.053530106930765, -1.6244271758676916 55.050336353734444, -1.6172152208470314 55.051482488790015, -1.6160183002320592 55.05582237835318, -1.6220342726903856 55.05901636858739))",0,True,True,False
8819733089fffff,726,726,8,0,55.05811263447221,-1.6015934896110056,531.415,"POLYGON ((-1.6003952527228358 55.06245175454302, -1.6076081837413032 55.06130712972007, -1.6088058570898522 55.05696775830608, -1.6027915371915507 55.05377324755005, -1.5955798090114237 55.054917871332655, -1.59438119802286 55.05925700689067, -1.6003952527228358 55.06245175454302))",0,True,True,False
88197330ddfffff,727,727,8,0,55.06154424064116,-1.5799568434281983,531.415,"POLYGON ((-1.578756916220837 55.06588260650795, -1.5859696187352073 55.06473949289779, -1.5871689825528208 55.06040087560059, -1.5811565810828525 55.05720560789873, -1.5739450817890093 55.05834872076053, -1.572744780876328 55.06268710205159, -1.578756916220837 55.06588260650795))",0,True,True,False
881973308dfffff,728,728,8,0,55.06016200108122,-1.6148211904729637,531.415,"POLYGON ((-1.6136238915259784 55.064501356943225, -1.6208375374644484 55.06335597574243, -1.6220342726903856 55.05901636858739, -1.6160183002320592 55.05582237835318, -1.6088058570898522 55.05696775830608, -1.6076081837413032 55.06130712972007, -1.6136238915259784 55.064501356943225))",0,True,True,False
88197330c3fffff,729,729,8,0,55.06359587558921,-1.5931823976450072,531.415,"POLYGON ((-1.591983407833987 55.0679344773974, -1.599196826483257 55.066790607731576, -1.6003952527228358 55.06245175454302, -1.59438119802286 55.05925700689067, -1.5871689825528208 55.06040087560059, -1.5859696187352073 55.06473949289779, -1.591983407833987 55.0679344773974))",0,True,True,False
88197330e3fffff,730,730,8,0,55.06221009061844,-1.628051258711001,531.415,"POLYGON ((-1.626854898187816 55.06654968215664, -1.6340692584173047 55.06540354431331, -1.6352650550380943 55.06106370153225, -1.6292474301661075 55.05787023219953, -1.6220342726903856 55.05901636858739, -1.6208375374644484 55.06335597574243, -1.626854898187816 55.06654968215664))",0,True,True,False
88197330c7fffff,731,731,8,0,55.06564623425989,-1.606410321123078,531.415,"POLYGON ((-1.6052122691913584 55.069985071894685, -1.6124264033472846 55.06884044590825, -1.6136238915259784 55.064501356943225, -1.6076081837413032 55.06130712972007, -1.6003952527228358 55.06245175454302, -1.599196826483257 55.066790607731576, -1.6052122691913584 55.069985071894685))",0,True,True,False
88197330ebfffff,732,732,8,0,55.06769531600862,-1.6196406130886312,531.415,"POLYGON ((-1.6184434995190913 55.07203438935507, -1.6256583485527902 55.070889006783204, -1.626854898187816 55.06654968215664, -1.6208375374644484 55.06335597574243, -1.6136238915259784 55.064501356943225, -1.6124264033472846 55.06884044590825, -1.6184434995190913 55.07203438935507))",0,True,True,False
